id;conversation_id;created_at;date;time;timezone;user_id;username;name;place;tweet;language;mentions;urls;photos;replies_count;retweets_count;likes_count;hashtags;cashtags;link;retweet;quote_url;video;thumbnail;near;geo;source;user_rt_id;user_rt;retweet_id;reply_to;retweet_date;translate;trans_src;trans_dest
1391990175476031488;1391990175476031488;2021-05-11 12:34:54 SE Asia Standard Time;2021-05-11;12:34:54;700;1880780406;bandung_dinkes;Dinas Kesehatan;;"Kepala @Bandung_Dinkes @ahyaniR13 meninjau pelaksanaan Vaksinasi Massal Covid-19 bagi 1.000 sasaran ASN, Non-ASN, &amp; Pelayan Publik di lingkungan Kota Bandung, Selasa (08/05/2021) di Polda Jabar. @halo_bandung @humaspoldajbr @PRFMnews @SonataFM @infobdg  https://t.co/hVM45gNwKz";in;[{'screen_name': 'bandung_dinkes', 'name': 'dinas kesehatan', 'id': '1880780406'}, {'screen_name': 'ahyanir13', 'name': 'ahyani raksanagara', 'id': '1726873621'}, {'screen_name': 'halo_bandung', 'name': 'prokopim kota bandung i #tidakmudiktidakpiknik', 'id': '1933882213'}, {'screen_name': 'humaspoldajbr', 'name': 'humas polda jabar', 'id': '218742561'}, {'screen_name': 'prfmnews', 'name': 'radio prfm 107,5 news channel', 'id': '150589950'}, {'screen_name': 'sonatafm', 'name': 'radiosonata 94 fm', 'id': '2227792021'}, {'screen_name': 'infobdg', 'name': 'bandung ᮘᮔ᮪ᮓᮥᮀ', 'id': '101494663'}];[];['https://pbs.twimg.com/media/E1FW_Z9VcAAdncU.jpg', 'https://pbs.twimg.com/media/E1FXFbiVEAAiaB3.jpg', 'https://pbs.twimg.com/media/E1FXKbWVcAIKYB4.jpg', 'https://pbs.twimg.com/media/E1FXMr7VgAEnocg.jpg'];0;1;2;[];[];https://twitter.com/Bandung_Dinkes/status/1391990175476031488;False;;1;https://pbs.twimg.com/media/E1FW_Z9VcAAdncU.jpg;;;;;;;[];;;;
1391269895279575046;1391269895279575040;2021-05-09 12:52:46 SE Asia Standard Time;2021-05-09;12:52:46;700;1880780406;bandung_dinkes;Dinas Kesehatan;;Dokumentasi Kepala @Bandung_Dinkes @ahyaniR13  meninjau pelaksanaan Vaksinasi Massal Covid-19 bagi 1.323 sasaran yang terdiri atas lansia dan pengemudi taksi Blue Bird, Sabtu (08/05/2021). Vaksinasi tersebut dilakukan secara drive thru. @halo_bandung @DiskominfoBdg  https://t.co/0GPlkylNl5;in;[{'screen_name': 'bandung_dinkes', 'name': 'dinas kesehatan', 'id': '1880780406'}, {'screen_name': 'ahyanir13', 'name': 'ahyani raksanagara', 'id': '1726873621'}, {'screen_name': 'halo_bandung', 'name': 'prokopim kota bandung i #tidakmudiktidakpiknik', 'id': '1933882213'}, {'screen_name': 'diskominfobdg', 'name': 'diskominfo kota bdg', 'id': '823828956117757953'}];[];['https://pbs.twimg.com/media/E07IB6DUYAAHr0D.jpg', 'https://pbs.twimg.com/media/E07IFxTUcAAUaY_.jpg', 'https://pbs.twimg.com/media/E07IJgDVgAAAHq1.jpg'];1;0;2;[];[];https://twitter.com/Bandung_Dinkes/status/1391269895279575046;False;;1;https://pbs.twimg.com/media/E07IB6DUYAAHr0D.jpg;;;;;;;[];;;;
1390934435416088579;1390934435416088576;2021-05-08 14:39:46 SE Asia Standard Time;2021-05-08;14:39:46;700;1880780406;bandung_dinkes;Dinas Kesehatan;;@Bandung_Dinkes berkolaborasi dgn @ShopeeID melaksanakan Vaksinasi Covid-19 Massal Dosis Ke-2 hari ke-6 bagi 1.500 pelayan publik, Sabtu (08/05/2021) di Kiara Artha Park. Kepala @Bandung_Dinkes @ahyaniR13  meninjau langsung kegiatan tsb. @halo_bandung @SonataFM  https://t.co/3Q7vqX0KP9;in;[{'screen_name': 'shopeeid', 'name': 'shopee indonesia', 'id': '2983890506'}, {'screen_name': 'bandung_dinkes', 'name': 'dinas kesehatan', 'id': '1880780406'}, {'screen_name': 'ahyanir13', 'name': 'ahyani raksanagara', 'id': '1726873621'}, {'screen_name': 'halo_bandung', 'name': 'prokopim kota bandung i #tidakmudiktidakpiknik', 'id': '1933882213'}, {'screen_name': 'sonatafm', 'name': 'radiosonata 94 fm', 'id': '2227792021'}];[];['https://pbs.twimg.com/media/E02WDBXVkAYfh7t.jpg', 'https://pbs.twimg.com/media/E02WG4sVUAMUaTh.jpg', 'https://pbs.twimg.com/media/E02WJ-aUcAEKmpj.jpg', 'https://pbs.twimg.com/media/E02WNO3UcAE1AnU.jpg'];0;0;0;[];[];https://twitter.com/Bandung_Dinkes/status/1390934435416088579;False;;1;https://pbs.twimg.com/media/E02WDBXVkAYfh7t.jpg;;;;;;;[];;;;
1390573320647495680;1390573320647495680;2021-05-07 14:44:49 SE Asia Standard Time;2021-05-07;14:44:49;700;1880780406;bandung_dinkes;Dinas Kesehatan;;@Bandung_Dinkes berkolaborasi dengan @ShopeeID  melaksanakan Vaksinasi Covid-19 Massal Dosis Ke-2 hari ke-5 bagi 1.000 pelayan publik, Jumat (07/05/2021) di Kiara Artha Park. @ahyaniR13 @halo_bandung @DiskominfoBdg @PRFMnews @infobdg @sonata  https://t.co/MsC5TXcISm;in;[{'screen_name': 'shopeeid', 'name': 'shopee indonesia', 'id': '2983890506'}, {'screen_name': 'ahyanir13', 'name': 'ahyani raksanagara', 'id': '1726873621'}, {'screen_name': 'halo_bandung', 'name': 'prokopim kota bandung i #tidakmudiktidakpiknik', 'id': '1933882213'}, {'screen_name': 'diskominfobdg', 'name': 'diskominfo kota bdg', 'id': '823828956117757953'}, {'screen_name': 'prfmnews', 'name': 'radio prfm 107,5 news channel', 'id': '150589950'}, {'screen_name': 'infobdg', 'name': 'bandung ᮘᮔ᮪ᮓᮥᮀ', 'id': '101494663'}, {'screen_name': 'sonata', 'name': 'wong', 'id': '4972041'}];[];['https://pbs.twimg.com/media/E0xOBJrVIAIL9WG.jpg', 'https://pbs.twimg.com/media/E0xOMmgUYAAootR.jpg', 'https://pbs.twimg.com/media/E0xOWCoUcAEFY7V.jpg', 'https://pbs.twimg.com/media/E0xOahXUYAIe9v4.jpg'];0;1;0;[];[];https://twitter.com/Bandung_Dinkes/status/1390573320647495680;False;;1;https://pbs.twimg.com/media/E0xOBJrVIAIL9WG.jpg;;;;;;;[];;;;
1390201494104723462;1390201494104723456;2021-05-06 14:07:19 SE Asia Standard Time;2021-05-06;14:07:19;700;1880780406;bandung_dinkes;Dinas Kesehatan;;@Bandung_Dinkes berkolaborasi dengan @ShopeeID melaksanakan Vaksinasi Covid-19 Massal Dosis Ke-2 hari ke-4 bagi 1.000 pelayan publik, Kamis (06/05/2021) di Kiara Artha Park. @ahyaniR13 @halo_bandung @PRFMnews @infobdg @SonataFM  https://t.co/b4Gk509pTx;in;[{'screen_name': 'shopeeid', 'name': 'shopee indonesia', 'id': '2983890506'}, {'screen_name': 'ahyanir13', 'name': 'ahyani raksanagara', 'id': '1726873621'}, {'screen_name': 'halo_bandung', 'name': 'prokopim kota bandung i #tidakmudiktidakpiknik', 'id': '1933882213'}, {'screen_name': 'prfmnews', 'name': 'radio prfm 107,5 news channel', 'id': '150589950'}, {'screen_name': 'infobdg', 'name': 'bandung ᮘᮔ᮪ᮓᮥᮀ', 'id': '101494663'}, {'screen_name': 'sonatafm', 'name': 'radiosonata 94 fm', 'id': '2227792021'}];[];['https://pbs.twimg.com/media/E0ryl2kUUAAz6wR.jpg', 'https://pbs.twimg.com/media/E0rzK7wUUAQVOS-.jpg', 'https://pbs.twimg.com/media/E0r8dxXVoAE2GRu.jpg', 'https://pbs.twimg.com/media/E0r8gqsVgAE-W64.jpg'];0;1;0;[];[];https://twitter.com/Bandung_Dinkes/status/1390201494104723462;False;;1;https://pbs.twimg.com/media/E0ryl2kUUAAz6wR.jpg;;;;;;;[];;;;
1389850008103518209;1389850008103518208;2021-05-05 14:50:38 SE Asia Standard Time;2021-05-05;14:50:38;700;1880780406;bandung_dinkes;Dinas Kesehatan;;@Bandung_Dinkes berkolaborasi dengan @ShopeeID melaksanakan Vaksinasi Covid-19 Massal Dosis Ke-2 bagi 1.000 pelayan publik, Rabu (05/05/2021). Vaksinasi tsb dilaksanakan selama 6 hari dari 3-8 Mei 2021 di Kiara Artha Park. @ahyaniR13 @halo_bandung @infobdg @PRFMnews @SonataFM  https://t.co/mRilvXQry0;in;[{'screen_name': 'shopeeid', 'name': 'shopee indonesia', 'id': '2983890506'}, {'screen_name': 'ahyanir13', 'name': 'ahyani raksanagara', 'id': '1726873621'}, {'screen_name': 'halo_bandung', 'name': 'prokopim kota bandung', 'id': '1933882213'}, {'screen_name': 'infobdg', 'name': 'bandung ᮘᮔ᮪ᮓᮥᮀ', 'id': '101494663'}, {'screen_name': 'prfmnews', 'name': 'radio prfm 107,5 news channel', 'id': '150589950'}, {'screen_name': 'sonatafm', 'name': 'radiosonata 94 fm', 'id': '2227792021'}];[];['https://pbs.twimg.com/media/E0m72yYVkAA2bGW.jpg', 'https://pbs.twimg.com/media/E0m78yNUYAABLGd.jpg', 'https://pbs.twimg.com/media/E0m8C_pUcAcm_S9.jpg', 'https://pbs.twimg.com/media/E0m8I9lVcAEk3xO.jpg'];0;1;2;[];[];https://twitter.com/Bandung_Dinkes/status/1389850008103518209;False;;1;https://pbs.twimg.com/media/E0m72yYVkAA2bGW.jpg;;;;;;;[];;;;
1389825937198309377;1389825937198309376;2021-05-05 13:14:59 SE Asia Standard Time;2021-05-05;13:14:59;700;1880780406;bandung_dinkes;Dinas Kesehatan;;@Bandung_Dinkes bekerja sama dengan @DisbudparBdg melakukan Vaksinasi Massal Dosis ke-1 Hari ke-2 bagi 1.520 Pelayan Pariwisata, Rabu (05/05/2021) di @TRANSluxuryHTL . @ahyaniR13 @halo_bandung @PRFMnews @infobdg @SonataFM  https://t.co/86FMNHaUjv;in;[{'screen_name': 'disbudparbdg', 'name': 'dinas kebudayaan dan pariwisata kota bandung', 'id': '1235137281595305986'}, {'screen_name': 'transluxuryhtl', 'name': 'trans luxury hotel', 'id': '500609503'}, {'screen_name': 'ahyanir13', 'name': 'ahyani raksanagara', 'id': '1726873621'}, {'screen_name': 'halo_bandung', 'name': 'prokopim kota bandung i #tidakmudiktidakpiknik', 'id': '1933882213'}, {'screen_name': 'prfmnews', 'name': 'radio prfm 107,5 news channel', 'id': '150589950'}, {'screen_name': 'infobdg', 'name': 'bandung ᮘᮔ᮪ᮓᮥᮀ', 'id': '101494663'}, {'screen_name': 'sonatafm', 'name': 'radiosonata 94 fm', 'id': '2227792021'}];[];['https://pbs.twimg.com/media/E0mmKf5VcAIZfL6.jpg', 'https://pbs.twimg.com/media/E0mmOeuVIAUfh_8.jpg', 'https://pbs.twimg.com/media/E0mmdpVVUAA8oHd.jpg', 'https://pbs.twimg.com/media/E0mmgo8UYAAFdIA.jpg'];0;1;1;[];[];https://twitter.com/Bandung_Dinkes/status/1389825937198309377;False;;1;https://pbs.twimg.com/media/E0mmKf5VcAIZfL6.jpg;;;;;;;[];;;;
1389464840780009477;1389464840780009472;2021-05-04 13:20:07 SE Asia Standard Time;2021-05-04;13:20:07;700;1880780406;bandung_dinkes;Dinas Kesehatan;;@Bandung_Dinkes bekerja sama dgn @DisbudparBdg melakukan Vaksinasi Massal Dosis ke-1 bagi 1.500 Pelayan Pariwisata, Selasa (04/05) di @TRANSluxuryHTL . Kegiatan tsb di hadiri Wakil Wali Kota Bandung, @kangyanamulyana  Ketua @PKK_KotaBDG @siti_odedMD  @ahyaniR13 @PRFMnews @infobdg  https://t.co/JIZJrz77Xm;in;[{'screen_name': 'disbudparbdg', 'name': 'dinas kebudayaan dan pariwisata kota bandung', 'id': '1235137281595305986'}, {'screen_name': 'transluxuryhtl', 'name': 'trans luxury hotel', 'id': '500609503'}, {'screen_name': 'kangyanamulyana', 'name': 'yana mulyana', 'id': '958158976260046848'}, {'screen_name': 'pkk_kotabdg', 'name': 'pkk kota bandung', 'id': '2203427683'}, {'screen_name': 'siti_odedmd', 'name': 'siti muntamah oded', 'id': '981296772'}, {'screen_name': 'ahyanir13', 'name': 'ahyani raksanagara', 'id': '1726873621'}, {'screen_name': 'prfmnews', 'name': 'radio prfm 107,5 news channel', 'id': '150589950'}, {'screen_name': 'infobdg', 'name': 'bandung ᮘᮔ᮪ᮓᮥᮀ', 'id': '101494663'}];[];['https://pbs.twimg.com/media/E0hdyFlVcAUEXd0.jpg', 'https://pbs.twimg.com/media/E0hd1tkVoAEd6k2.jpg', 'https://pbs.twimg.com/media/E0hd6SiVcAAdRWD.jpg', 'https://pbs.twimg.com/media/E0hd-eUUcAEHEEC.jpg'];1;0;1;[];[];https://twitter.com/Bandung_Dinkes/status/1389464840780009477;False;;1;https://pbs.twimg.com/media/E0hdyFlVcAUEXd0.jpg;;;;;;;[];;;;
1387729783379808257;1387729783379808256;2021-04-29 18:25:37 SE Asia Standard Time;2021-04-29;18:25:37;700;1880780406;bandung_dinkes;Dinas Kesehatan;;"@Bandung_Dinkes bekerja sama dgn @disdagin_bdg &amp; APPBI Jabar melakukan Vaksinasi Covid Massal 1.000 Dosis ke-2 bagi pegawai mall seluruh Kota Bandung, Kamis (29/04/2021) di @AryadutaHotels @ahyaniR13 @halo_bandung @DiskominfoBdg @PRFMnews @infobdg  https://t.co/KS6ApkNDgq";in;[{'screen_name': 'disdagin_bdg', 'name': 'disdagin bandung | #bandungnuurang209', 'id': '1874312300'}, {'screen_name': 'aryadutahotels', 'name': 'aryaduta hotels', 'id': '2854100263'}, {'screen_name': 'ahyanir13', 'name': 'ahyani raksanagara', 'id': '1726873621'}, {'screen_name': 'halo_bandung', 'name': 'prokopim kota bandung', 'id': '1933882213'}, {'screen_name': 'diskominfobdg', 'name': 'diskominfo kota bdg', 'id': '823828956117757953'}, {'screen_name': 'prfmnews', 'name': 'radio prfm 107,5 news channel', 'id': '150589950'}, {'screen_name': 'infobdg', 'name': 'bandung ᮘᮔ᮪ᮓᮥᮀ', 'id': '101494663'}];[];['https://pbs.twimg.com/media/E0I0G2hVUAUM-cR.jpg', 'https://pbs.twimg.com/media/E0I0O83VkAEM2F6.jpg', 'https://pbs.twimg.com/media/E0I0SSnVkAEq4Fd.jpg', 'https://pbs.twimg.com/media/E0I0X4ZVIAMdcqf.jpg'];2;0;4;[];[];https://twitter.com/Bandung_Dinkes/status/1387729783379808257;False;;1;https://pbs.twimg.com/media/E0I0G2hVUAUM-cR.jpg;;;;;;;[];;;;
1387328095129006082;1387328095129006080;2021-04-28 15:49:27 SE Asia Standard Time;2021-04-28;15:49:27;700;1880780406;bandung_dinkes;Dinas Kesehatan;;@Bandung_Dinkes bekerja sama dengan @disdagin_bdg APPBI Jabar melakukan Vaksinasi Covid-19 Dosis ke-2 Massal bagi 931 pegawai mall seluruh Kota Bandung, Rabu (28/04/2021) di Hotel Aryaduta. @ahyaniR13 @halo_bandung @PRFMnews @infobdg @SonataFM  https://t.co/NX39nyODAa;in;[{'screen_name': 'disdagin_bdg', 'name': 'disdagin bandung | #bandungnuurang209', 'id': '1874312300'}, {'screen_name': 'ahyanir13', 'name': 'ahyani raksanagara', 'id': '1726873621'}, {'screen_name': 'halo_bandung', 'name': 'prokopim kota bandung i #tidakmudiktidakpiknik', 'id': '1933882213'}, {'screen_name': 'prfmnews', 'name': 'radio prfm 107,5 news channel', 'id': '150589950'}, {'screen_name': 'infobdg', 'name': 'bandung ᮘᮔ᮪ᮓᮥᮀ', 'id': '101494663'}, {'screen_name': 'sonatafm', 'name': 'radiosonata 94 fm', 'id': '2227792021'}];[];['https://pbs.twimg.com/media/E0DHDIOVIAE7G9f.jpg', 'https://pbs.twimg.com/media/E0DHMTXVUAI-O5m.jpg', 'https://pbs.twimg.com/media/E0DHO4ZVgAMUZil.jpg', 'https://pbs.twimg.com/media/E0DHRC3VUAMKCAQ.jpg'];2;1;2;[];[];https://twitter.com/Bandung_Dinkes/status/1387328095129006082;False;;1;https://pbs.twimg.com/media/E0DHDIOVIAE7G9f.jpg;;;;;;;[];;;;
1386998399648485384;1386998399648485376;2021-04-27 17:59:22 SE Asia Standard Time;2021-04-27;17:59:22;700;1880780406;bandung_dinkes;Dinas Kesehatan;;@Bandung_Dinkes bekerja sama dgn @disdagin_bdg dan APRINDO Jabar melaksanakan Vaksinasi Covid-19 Massal hari ke-2 kepada 1000 pegawai retail di Kota Bandung, Selasa (30/03/2021) di Hotel Asrilia. @ahyaniR13 @halo_bandung @DiskominfoBdg @PRFMnews @infobdg  https://t.co/Qj66ql8WMQ;in;[{'screen_name': 'disdagin_bdg', 'name': 'disdagin bandung | #bandungnuurang209', 'id': '1874312300'}, {'screen_name': 'ahyanir13', 'name': 'ahyani raksanagara', 'id': '1726873621'}, {'screen_name': 'halo_bandung', 'name': 'prokopim kota bandung i #tidakmudiktidakpiknik', 'id': '1933882213'}, {'screen_name': 'diskominfobdg', 'name': 'diskominfo kota bdg', 'id': '823828956117757953'}, {'screen_name': 'prfmnews', 'name': 'radio prfm 107,5 news channel', 'id': '150589950'}, {'screen_name': 'infobdg', 'name': 'bandung ᮘᮔ᮪ᮓᮥᮀ', 'id': '101494663'}];[];['https://pbs.twimg.com/media/Ez-a3sdUUAAtsfS.jpg', 'https://pbs.twimg.com/media/Ez-a9J4UcAQuPgq.jpg', 'https://pbs.twimg.com/media/Ez-bFHTVIAIyM11.jpg', 'https://pbs.twimg.com/media/Ez-bHhSUcAI05W4.jpg'];1;0;0;[];[];https://twitter.com/Bandung_Dinkes/status/1386998399648485384;False;;1;https://pbs.twimg.com/media/Ez-a3sdUUAAtsfS.jpg;;;;;;;[];;;;
1386852114329051136;1386852114329051136;2021-04-27 08:18:05 SE Asia Standard Time;2021-04-27;08:18:05;700;1880780406;bandung_dinkes;Dinas Kesehatan;;Dokumentasi @Bandung_Dinkes bekerja sama dengan @disdagin_bdg  dan APRINDO Jawa Barat melaksanakan Vaksinasi Covid-19 Massal Dosis ke-2 kepada 966 pegawai retail di Kota Bandung, Senin (26/04/2021) di Hotel Asrilia. @ahyaniR13 @halo_bandung @PRFMnews @infobdg @infobandung  https://t.co/pd8pmxkOOx;in;[{'screen_name': 'bandung_dinkes', 'name': 'dinas kesehatan', 'id': '1880780406'}, {'screen_name': 'disdagin_bdg', 'name': 'disdagin bandung | #bandungnuurang209', 'id': '1874312300'}, {'screen_name': 'ahyanir13', 'name': 'ahyani raksanagara', 'id': '1726873621'}, {'screen_name': 'halo_bandung', 'name': 'prokopim kota bandung i #tidakmudiktidakpiknik', 'id': '1933882213'}, {'screen_name': 'prfmnews', 'name': 'radio prfm 107,5 news channel', 'id': '150589950'}, {'screen_name': 'infobdg', 'name': 'bandung ᮘᮔ᮪ᮓᮥᮀ', 'id': '101494663'}, {'screen_name': 'infobandung', 'name': 'infobandung', 'id': '74081981'}];[];['https://pbs.twimg.com/media/Ez8WoknVEAE04j9.jpg', 'https://pbs.twimg.com/media/Ez8WomeUYAEjK1C.jpg', 'https://pbs.twimg.com/media/Ez8WooCVEAAqNOv.jpg', 'https://pbs.twimg.com/media/Ez8WOicUcAE4CcH.jpg'];0;0;2;[];[];https://twitter.com/Bandung_Dinkes/status/1386852114329051136;False;;1;https://pbs.twimg.com/media/Ez8WoknVEAE04j9.jpg;;;;;;;[];;;;
1386572396912541696;1386572396912541696;2021-04-26 13:46:35 SE Asia Standard Time;2021-04-26;13:46:35;700;1880780406;bandung_dinkes;Dinas Kesehatan;;Pelaksanaan Vaksinasi Covid-19 Massal Dosis ke-2 kepada 1.000 Pedagang Balubur Town Square oleh Dinas Kesehatan Kota Bandung dan UPT Puskesmas Tamansari, Senin (26/04/2021). @ahyaniR13 @halo_bandung @baltosbdg @PRFMnews @infobdg  https://t.co/9J1fXYe3YF;in;[{'screen_name': 'ahyanir13', 'name': 'ahyani raksanagara', 'id': '1726873621'}, {'screen_name': 'halo_bandung', 'name': 'prokopim kota bandung i #tidakmudiktidakpiknik', 'id': '1933882213'}, {'screen_name': 'baltosbdg', 'name': 'balubur town square', 'id': '607927003'}, {'screen_name': 'prfmnews', 'name': 'radio prfm 107,5 news channel', 'id': '150589950'}, {'screen_name': 'infobdg', 'name': 'bandung ᮘᮔ᮪ᮓᮥᮀ', 'id': '101494663'}];[];['https://pbs.twimg.com/media/Ez4XsT9VcAExYlJ.jpg', 'https://pbs.twimg.com/media/Ez4XyrGVcAAEjW1.jpg', 'https://pbs.twimg.com/media/Ez4X2vzVoAoXWPm.jpg', 'https://pbs.twimg.com/media/Ez4X86FVcAMGp37.jpg'];3;3;2;[];[];https://twitter.com/Bandung_Dinkes/status/1386572396912541696;False;;1;https://pbs.twimg.com/media/Ez4XsT9VcAExYlJ.jpg;;;;;;;[];;;;
1385508135553495042;1385508135553495040;2021-04-23 15:17:35 SE Asia Standard Time;2021-04-23;15:17:35;700;1880780406;bandung_dinkes;Dinas Kesehatan;;"Pelaksanaan Vaksinasi Covid-19 Massal untuk para Tenaga Pendidik di wilayah @Kec_Cidadap oleh UPT Puskesmas Ciumbuleuit &amp; UPT Puskesmas Cipaku, Kamis (22/04/2021). Sebanyak 438 tenaga pendidik mendapatkan  vaksinasi Covid-19 dosis ke-1. @ahyaniR13 @halo_bandung @PRFMnews @infobdg  https://t.co/NffZBF5mMn";in;[{'screen_name': 'kec_cidadap', 'name': 'kecamatan cidadap', 'id': '1890072859'}, {'screen_name': 'ahyanir13', 'name': 'ahyani raksanagara', 'id': '1726873621'}, {'screen_name': 'halo_bandung', 'name': 'prokopim kota bandung', 'id': '1933882213'}, {'screen_name': 'prfmnews', 'name': 'radio prfm 107,5 news channel', 'id': '150589950'}, {'screen_name': 'infobdg', 'name': 'bandung ᮘᮔ᮪ᮓᮥᮀ', 'id': '101494663'}];[];['https://pbs.twimg.com/media/EzpNk5pVUAI2yi4.jpg', 'https://pbs.twimg.com/media/EzpNsNDVUAUAxZq.jpg', 'https://pbs.twimg.com/media/EzpNyh4VIAAZAbc.jpg', 'https://pbs.twimg.com/media/EzpN62UVUAAFH8B.jpg'];1;3;4;[];[];https://twitter.com/Bandung_Dinkes/status/1385508135553495042;False;;1;https://pbs.twimg.com/media/EzpNk5pVUAI2yi4.jpg;;;;;;;[];;;;
1385501336280596488;1385501336280596480;2021-04-23 14:50:34 SE Asia Standard Time;2021-04-23;14:50:34;700;1880780406;bandung_dinkes;Dinas Kesehatan;;Pelaksanaan Vaksinasi Covid-19 Massal dosis ke-2 bagi Wartawan oleh UPT Puskesmas Balaikota, Jumat (23/04/2021). Sebanyak 270 wartawan mendapatkan vaksinasi pada kegiatan tersebut. @ahyaniR13 @halo_bandung @PRFMnews @infobdg  https://t.co/ML9mZJdRXW;in;[{'screen_name': 'ahyanir13', 'name': 'ahyani raksanagara', 'id': '1726873621'}, {'screen_name': 'halo_bandung', 'name': 'prokopim kota bandung i #tidakmudiktidakpiknik', 'id': '1933882213'}, {'screen_name': 'prfmnews', 'name': 'radio prfm 107,5 news channel', 'id': '150589950'}, {'screen_name': 'infobdg', 'name': 'bandung ᮘᮔ᮪ᮓᮥᮀ', 'id': '101494663'}];[];['https://pbs.twimg.com/media/EzpJjJRVIAAjiuQ.jpg', 'https://pbs.twimg.com/media/EzpJoWvUUAM9Y8n.jpg', 'https://pbs.twimg.com/media/EzpJvGVVoAIlT-e.jpg', 'https://pbs.twimg.com/media/EzpJz63VoAAwu1v.jpg'];0;0;3;[];[];https://twitter.com/Bandung_Dinkes/status/1385501336280596488;False;;1;https://pbs.twimg.com/media/EzpJjJRVIAAjiuQ.jpg;;;;;;;[];;;;
1385498449290792960;1385498449290792960;2021-04-23 14:39:06 SE Asia Standard Time;2021-04-23;14:39:06;700;1880780406;bandung_dinkes;Dinas Kesehatan;;"Dokumentasi Pelaksanaan Vaksinasi Covid-19 Massal untuk pr Tendik, ASN &amp; Non-ASN di wilayah @kec_cibkidul oleh UPT PKM Padasuka &amp; Pasirlayung, Rabu-Kamis (21-22 April 2021) di SMKN 5 Bandung. @ahyaniR13 @halo_bandung @PRFMnews @infobdg  https://t.co/4BpGp9CeML";in;[{'screen_name': 'kec_cibkidul', 'name': 'kec.cibeunying kidul', 'id': '1877807790'}, {'screen_name': 'ahyanir13', 'name': 'ahyani raksanagara', 'id': '1726873621'}, {'screen_name': 'halo_bandung', 'name': 'prokopim kota bandung', 'id': '1933882213'}, {'screen_name': 'prfmnews', 'name': 'radio prfm 107,5 news channel', 'id': '150589950'}, {'screen_name': 'infobdg', 'name': 'bandung ᮘᮔ᮪ᮓᮥᮀ', 'id': '101494663'}];[];['https://pbs.twimg.com/media/EzpGbT1VoAMWJMM.jpg', 'https://pbs.twimg.com/media/EzpGf8ZVkAIEMut.jpg', 'https://pbs.twimg.com/media/EzpGmnUVoAcnMzi.jpg', 'https://pbs.twimg.com/media/EzpGwmLVIAAWNqd.jpg'];0;0;0;[];[];https://twitter.com/Bandung_Dinkes/status/1385498449290792960;False;;1;https://pbs.twimg.com/media/EzpGbT1VoAMWJMM.jpg;;;;;;;[];;;;
1385495395027935236;1385495395027935232;2021-04-23 14:26:58 SE Asia Standard Time;2021-04-23;14:26:58;700;1880780406;bandung_dinkes;Dinas Kesehatan;;"Pelaksanaan Vaksinasi Covid-19 Massal untuk para Tenaga Pendidik di wilayah Kecamatan Coblong oleh UPT PKM Dago, Jumat (23/04/2021). Sebanyak 700 tenaga pendidik mendapatkan vaksinasi Covid-19 dosis ke-1 selama hari Rabu &amp; Jumat ini. @ahyaniR13 @halo_bandung @PRFMnews @infobdg  https://t.co/NF7NtysWiQ";in;[{'screen_name': 'ahyanir13', 'name': 'ahyani raksanagara', 'id': '1726873621'}, {'screen_name': 'halo_bandung', 'name': 'prokopim kota bandung i #tidakmudiktidakpiknik', 'id': '1933882213'}, {'screen_name': 'prfmnews', 'name': 'radio prfm 107,5 news channel', 'id': '150589950'}, {'screen_name': 'infobdg', 'name': 'bandung ᮘᮔ᮪ᮓᮥᮀ', 'id': '101494663'}];[];['https://pbs.twimg.com/media/EzpDSKSUUAMyXd_.jpg', 'https://pbs.twimg.com/media/EzpDX-AUYAgObz-.jpg', 'https://pbs.twimg.com/media/EzpDdURVcAEXxbS.jpg', 'https://pbs.twimg.com/media/EzpD0BJVoAITZWD.jpg'];0;1;5;[];[];https://twitter.com/Bandung_Dinkes/status/1385495395027935236;False;;1;https://pbs.twimg.com/media/EzpDSKSUUAMyXd_.jpg;;;;;;;[];;;;
1385197379297497093;1385197379297497088;2021-04-22 18:42:45 SE Asia Standard Time;2021-04-22;18:42:45;700;1880780406;bandung_dinkes;Dinas Kesehatan;;Pelaksanaan Vaksinasi Covid-19 Massal untuk para Tenaga Pendidik di wilayah Kecamatan Rancasari oleh UPT Puskesmas Derwati dan Cipamokolan, Selasa (20/04/2021). Sebanyak 973 tenaga pendidik mendapatkan vaksinasi Covid-19 dosis ke-1. @ahyaniR13 @halo_bandung @PRFMnews  https://t.co/ZthivmrDol;in;[{'screen_name': 'ahyanir13', 'name': 'ahyani raksanagara', 'id': '1726873621'}, {'screen_name': 'halo_bandung', 'name': 'prokopim kota bandung i #tidakmudiktidakpiknik', 'id': '1933882213'}, {'screen_name': 'prfmnews', 'name': 'radio prfm 107,5 news channel', 'id': '150589950'}];[];['https://pbs.twimg.com/media/Ezk1C6RVEAA8ahw.jpg', 'https://pbs.twimg.com/media/Ezk1OS9UUAAfora.jpg', 'https://pbs.twimg.com/media/Ezk1T8dUUAQWqQ1.jpg', 'https://pbs.twimg.com/media/Ezk1bRbVoAAACJR.jpg'];0;2;2;[];[];https://twitter.com/Bandung_Dinkes/status/1385197379297497093;False;;1;https://pbs.twimg.com/media/Ezk1C6RVEAA8ahw.jpg;;;;;;;[];;;;
1385081305591816195;1385081305591816192;2021-04-22 11:01:31 SE Asia Standard Time;2021-04-22;11:01:31;700;1880780406;bandung_dinkes;Dinas Kesehatan;;Pelaksanaan Vaksinasi Covid-19 Massal bagi Tendik di Wilayah @keclengkong oleh @pkm_talagabodas , PKM Suryalaya, Cijagra Baru, dan Cijagra Lama, Kamis (22/04/2021) di SMAN 8 Bandung. @ahyaniR13 @halo_bandung @PRFMnews @SonataFM @infobdg  https://t.co/2zPiMriVx9;in;[{'screen_name': 'keclengkong', 'name': 'kecamatan lengkong', 'id': '2373946376'}, {'screen_name': 'pkm_talagabodas', 'name': 'upt puskesmas talagabodas', 'id': '2726279870'}, {'screen_name': 'ahyanir13', 'name': 'ahyani raksanagara', 'id': '1726873621'}, {'screen_name': 'halo_bandung', 'name': 'prokopim kota bandung i #tidakmudiktidakpiknik', 'id': '1933882213'}, {'screen_name': 'prfmnews', 'name': 'radio prfm 107,5 news channel', 'id': '150589950'}, {'screen_name': 'sonatafm', 'name': 'radiosonata 94 fm', 'id': '2227792021'}, {'screen_name': 'infobdg', 'name': 'bandung ᮘᮔ᮪ᮓᮥᮀ', 'id': '101494663'}];[];['https://pbs.twimg.com/media/EzjLPXCUUAAvsrq.jpg', 'https://pbs.twimg.com/media/EzjLdTjVkAAMdNZ.jpg', 'https://pbs.twimg.com/media/EzjLlkjVgAEUc40.jpg', 'https://pbs.twimg.com/media/EzjLoKLVUAQaUxH.jpg'];3;0;0;[];[];https://twitter.com/Bandung_Dinkes/status/1385081305591816195;False;;1;https://pbs.twimg.com/media/EzjLPXCUUAAvsrq.jpg;;;;;;;[];;;;
1385077941088907264;1385064156538163200;2021-04-22 10:48:09 SE Asia Standard Time;2021-04-22;10:48:09;700;1880780406;bandung_dinkes;Dinas Kesehatan;;@PRFMnews @ITstation_bdg Selamat pagi. Jika sudah terdaftar, tapi belum mendapatkan vaksin silakan hubungi Puskesmas Tamansari.;in;[];[];[];0;0;0;[];[];https://twitter.com/Bandung_Dinkes/status/1385077941088907264;False;;0;;;;;;;;[{'screen_name': 'PRFMnews', 'name': 'Radio PRFM 107,5 News Channel', 'id': '150589950'}, {'screen_name': 'ITstation_bdg', 'name': 'Hermanto', 'id': '431333505'}];;;;
1384783576713990145;1384783576713990144;2021-04-21 15:18:27 SE Asia Standard Time;2021-04-21;15:18:27;700;1880780406;bandung_dinkes;Dinas Kesehatan;;Pelaksanaan Vaksinasi Covid-19 Massal bagi Tendik di @KecPanyileukan oleh UPT PKM Panyileukan. Sebanyak 792 Tendik mendapatkan vaksinasi Covid-19 dosis ke-1, Rabu (21/04/2021) di Universitas Terbuka Bandung. @ahyaniR13 @anharhadian @halo_bandung @PRFMnews @infobdg  https://t.co/18kK9N4tj8;in;[{'screen_name': 'kecpanyileukan', 'name': 'panyileukanbersinar', 'id': '1914011413'}, {'screen_name': 'ahyanir13', 'name': 'ahyani raksanagara', 'id': '1726873621'}, {'screen_name': 'anharhadian', 'name': 'anhar hadian', 'id': '1883159372'}, {'screen_name': 'halo_bandung', 'name': 'prokopim kota bandung', 'id': '1933882213'}, {'screen_name': 'prfmnews', 'name': 'radio prfm 107,5 news channel', 'id': '150589950'}, {'screen_name': 'infobdg', 'name': 'bandung ᮘᮔ᮪ᮓᮥᮀ', 'id': '101494663'}];[];['https://pbs.twimg.com/media/Eze8WV6UUAcy7x5.jpg', 'https://pbs.twimg.com/media/Eze8Z9UVIAIUPql.jpg', 'https://pbs.twimg.com/media/Eze8f-uUYAItOaF.jpg', 'https://pbs.twimg.com/media/Eze8iyQUYAUszLr.jpg'];0;0;8;[];[];https://twitter.com/Bandung_Dinkes/status/1384783576713990145;False;;1;https://pbs.twimg.com/media/Eze8WV6UUAcy7x5.jpg;;;;;;;[];;;;
1384779720747716609;1384779720747716608;2021-04-21 15:03:08 SE Asia Standard Time;2021-04-21;15:03:08;700;1880780406;bandung_dinkes;Dinas Kesehatan;;Pelaksanaan Vaksinasi Covid-19 Massal bagi Tendik di  @KecCibkal  oleh UPT PKM Neglasari. Sebanyak 1485 Tendik mendapatkan vaksinasi Covid-19 dosis ke-1, Rabu (21/04/2021) di @infoitenas  @ahyaniR13 @anharhadian @halo_bandung @PRFMnews @infobdg  https://t.co/KMbVavlhsY;in;[{'screen_name': 'keccibkal', 'name': 'cibeunying kaler', 'id': '1902518203'}, {'screen_name': 'infoitenas', 'name': 'itenas', 'id': '210786949'}, {'screen_name': 'ahyanir13', 'name': 'ahyani raksanagara', 'id': '1726873621'}, {'screen_name': 'anharhadian', 'name': 'anhar hadian', 'id': '1883159372'}, {'screen_name': 'halo_bandung', 'name': 'prokopim kota bandung i #tidakmudiktidakpiknik', 'id': '1933882213'}, {'screen_name': 'prfmnews', 'name': 'radio prfm 107,5 news channel', 'id': '150589950'}, {'screen_name': 'infobdg', 'name': 'bandung ᮘᮔ᮪ᮓᮥᮀ', 'id': '101494663'}];[];['https://pbs.twimg.com/media/Eze4ViXVgAAbxu9.jpg', 'https://pbs.twimg.com/media/Eze4c4XVoAELaet.jpg', 'https://pbs.twimg.com/media/Eze4fYFUUAMtO_A.jpg'];0;2;6;[];[];https://twitter.com/Bandung_Dinkes/status/1384779720747716609;False;;1;https://pbs.twimg.com/media/Eze4ViXVgAAbxu9.jpg;;;;;;;[];;;;
1384776290155122702;1384776290155122688;2021-04-21 14:49:30 SE Asia Standard Time;2021-04-21;14:49:30;700;1880780406;bandung_dinkes;Dinas Kesehatan;;"Pelaksanaan Vaksinasi Covid-19 Massal bagi Tendik di Universitas Maranatha Kota Bandung, Rabu (21/04/2021) oleh RSKGM Maranatha. Sebanyak 332 tendik &amp; pelayan publik mendapatkan vaksinasi Covid-19 dosis ke-1 &amp; 10 lansia mendapatkan dosis ke-2. @ahyaniR13 @halo_bandung @PRFMnews  https://t.co/u1Ed9MVKhG";in;[{'screen_name': 'ahyanir13', 'name': 'ahyani raksanagara', 'id': '1726873621'}, {'screen_name': 'halo_bandung', 'name': 'prokopim kota bandung i #tidakmudiktidakpiknik', 'id': '1933882213'}, {'screen_name': 'prfmnews', 'name': 'radio prfm 107,5 news channel', 'id': '150589950'}];[];['https://pbs.twimg.com/media/Eze2RXfUYAAsCKA.jpg', 'https://pbs.twimg.com/media/Eze2VjsUcAoYCla.jpg', 'https://pbs.twimg.com/media/Eze2YnNVUAILa1j.jpg', 'https://pbs.twimg.com/media/Eze2b03VgAEuRT4.jpg'];1;3;4;[];[];https://twitter.com/Bandung_Dinkes/status/1384776290155122702;False;;1;https://pbs.twimg.com/media/Eze2RXfUYAAsCKA.jpg;;;;;;;[];;;;
1384370188317970433;1384370188317970432;2021-04-20 11:55:47 SE Asia Standard Time;2021-04-20;11:55:47;700;1880780406;bandung_dinkes;Dinas Kesehatan;;Pelaksanaan Vaksinasi Covid-19 Massal bagi Tenaga Pendidik di SMPN 26 Kota Bandung, Selasa (20/04/2021) oleh UPT Puskesmas Sukawarna. Sebanyak 299 tenaga pendidik akan mendapatkan vaksinasi covid-19 dosis ke-1 secara bertahap. @ahyaniR13 @halo_bandung @PRFMnews @infobdg  https://t.co/dxQymGQSwk;in;[{'screen_name': 'ahyanir13', 'name': 'ahyani raksanagara', 'id': '1726873621'}, {'screen_name': 'halo_bandung', 'name': 'prokopim kota bandung i #tidakmudiktidakpiknik', 'id': '1933882213'}, {'screen_name': 'prfmnews', 'name': 'radio prfm 107,5 news channel', 'id': '150589950'}, {'screen_name': 'infobdg', 'name': 'bandung ᮘᮔ᮪ᮓᮥᮀ', 'id': '101494663'}];[];['https://pbs.twimg.com/media/EzZETD8VoAIT2aT.jpg', 'https://pbs.twimg.com/media/EzZEZa_UYAAhNZE.jpg', 'https://pbs.twimg.com/media/EzZEiKQVgAQuw4K.jpg', 'https://pbs.twimg.com/media/EzZE3ZwVEAIz4EW.jpg'];0;0;0;[];[];https://twitter.com/Bandung_Dinkes/status/1384370188317970433;False;;1;https://pbs.twimg.com/media/EzZETD8VoAIT2aT.jpg;;;;;;;[];;;;
1384331644287340545;1384331644287340544;2021-04-20 09:22:38 SE Asia Standard Time;2021-04-20;09:22:38;700;1880780406;bandung_dinkes;Dinas Kesehatan;;"Dokumentasi Pelaksanaan Vaksinasi Covid-19 Massal hari ke-2 bagi Tenaga Pendidik di SMP PGRI 10 Bandung oleh UPT PKM Ujung Berung Indah &amp; Pasirjati. Sebanyak 666 tenaga pendidik mendapatkan vaksinasi covid-19 dosis ke-1 pp Senin (19/04/2021). @ahyaniR13 @halo_bandung  https://t.co/eShF8a0Utn";in;[{'screen_name': 'ahyanir13', 'name': 'ahyani raksanagara', 'id': '1726873621'}, {'screen_name': 'halo_bandung', 'name': 'prokopim kota bandung i #tidakmudiktidakpiknik', 'id': '1933882213'}];[];['https://pbs.twimg.com/media/EzYh1mnVIAESnSh.jpg', 'https://pbs.twimg.com/media/EzYh5rrVoAIUNql.jpg', 'https://pbs.twimg.com/media/EzYh9nkVEAcctb2.jpg', 'https://pbs.twimg.com/media/EzYh__JUUAIjAVM.jpg'];0;0;0;[];[];https://twitter.com/Bandung_Dinkes/status/1384331644287340545;False;;1;https://pbs.twimg.com/media/EzYh1mnVIAESnSh.jpg;;;;;;;[];;;;
1384329680791109636;1384329680791109632;2021-04-20 09:14:50 SE Asia Standard Time;2021-04-20;09:14:50;700;1880780406;bandung_dinkes;Dinas Kesehatan;;Dokumentasi Pelaksanaan Vaksinasi Covid-19 Massal hari ke-2 bagi Tendik di Sekolah Taruna Bakti oleh @pkmsalam_bdg PKM Tamansari. Sebanyak 1.000 tenaga pendidik mendapatkan vaksinasi covid-19 dosis ke-1 pada hari Jumat (16/04) dan Senin (19/04/2021). @ahyaniR13 @halo_bandung  https://t.co/9HTomRNoPD;in;[{'screen_name': 'pkmsalam_bdg', 'name': 'upt puskesmas salam', 'id': '1929371089'}, {'screen_name': 'ahyanir13', 'name': 'ahyani raksanagara', 'id': '1726873621'}, {'screen_name': 'halo_bandung', 'name': 'prokopim kota bandung', 'id': '1933882213'}];[];['https://pbs.twimg.com/media/EzYf4TyVcAEgT99.jpg', 'https://pbs.twimg.com/media/EzYf8CKVoAYJl9x.jpg', 'https://pbs.twimg.com/media/EzYf-hWVgAAp4iH.jpg', 'https://pbs.twimg.com/media/EzYgBdnVkAIktRh.jpg'];0;0;0;[];[];https://twitter.com/Bandung_Dinkes/status/1384329680791109636;False;;1;https://pbs.twimg.com/media/EzYf4TyVcAEgT99.jpg;;;;;;;[];;;;
1384013102333587456;1384013102333587456;2021-04-19 12:16:51 SE Asia Standard Time;2021-04-19;12:16:51;700;1880780406;bandung_dinkes;Dinas Kesehatan;;Pelaksanaan Vaksinasi Covid-19 Massal bagi Tendik di MAN 2 Kota Bandung, Senin (19/04) oleh UPT PKM Cibiru, Pasirjati, Cilengkrang. Sebanyak 1.459 tendik akan mendapatkan vaksinasi dosis ke-1 selama Senin-Rabu (19-21/04) @ahyaniR13 @halo_bandung @PRFMnews @infobdg  https://t.co/Mo2710CMEN;in;[{'screen_name': 'ahyanir13', 'name': 'ahyani raksanagara', 'id': '1726873621'}, {'screen_name': 'halo_bandung', 'name': 'prokopim kota bandung i #tidakmudiktidakpiknik', 'id': '1933882213'}, {'screen_name': 'prfmnews', 'name': 'radio prfm 107,5 news channel', 'id': '150589950'}, {'screen_name': 'infobdg', 'name': 'bandung ᮘᮔ᮪ᮓᮥᮀ', 'id': '101494663'}];[];['https://pbs.twimg.com/media/EzT_z1SVkAAZyBU.jpg', 'https://pbs.twimg.com/media/EzT_9NYUUAMAStw.jpg', 'https://pbs.twimg.com/media/EzT__pVUUAI9Agw.jpg', 'https://pbs.twimg.com/media/EzUABy1UYAcj-Ji.jpg'];0;0;0;[];[];https://twitter.com/Bandung_Dinkes/status/1384013102333587456;False;;1;https://pbs.twimg.com/media/EzT_z1SVkAAZyBU.jpg;;;;;;;[];;;;
1383990697125040130;1383238948445556736;2021-04-19 10:47:50 SE Asia Standard Time;2021-04-19;10:47:50;700;1880780406;bandung_dinkes;Dinas Kesehatan;;@PRFMnews @hartop_bewok Selamat pagi. Pelaksanaam vaksin di tempat tersebut adalah kerja sama BUMN dan Dinkes Provinsi Jabar. Silakan cek info selengkapnya di @diskesjabar;in;[{'screen_name': 'diskesjabar', 'name': 'dinkes jabar | #ayopakaimasker', 'id': '1963724934'}];[];[];1;0;0;[];[];https://twitter.com/Bandung_Dinkes/status/1383990697125040130;False;;0;;;;;;;;[{'screen_name': 'PRFMnews', 'name': 'Radio PRFM 107,5 News Channel', 'id': '150589950'}, {'screen_name': 'hartop_bewok', 'name': '.:: Mas Hari ::.', 'id': '179054654'}];;;;
1383701595666350081;1383701595666350080;2021-04-18 15:39:02 SE Asia Standard Time;2021-04-18;15:39:02;700;1880780406;bandung_dinkes;Dinas Kesehatan;;"Dokumentasi, @Bandung_Dinkes bekerja sama dgn Yayasan Dana Sosial Priangan (YDSP) melakukan Vaksinasi Massal Covid-19 bg 4000 Tenaga Pendidik &amp; 3000 lansia yg diselengarakan l Senin- Jumat (12-16/04) di Gedung YDSP. @ahyaniR13 @halo_bandung @DiskominfoBdg @PRFMnews @infobdg  https://t.co/vzShbwMOzF";in;[{'screen_name': 'bandung_dinkes', 'name': 'dinas kesehatan', 'id': '1880780406'}, {'screen_name': 'ahyanir13', 'name': 'ahyani raksanagara', 'id': '1726873621'}, {'screen_name': 'halo_bandung', 'name': 'prokopim kota bandung', 'id': '1933882213'}, {'screen_name': 'diskominfobdg', 'name': 'diskominfo kota bdg', 'id': '823828956117757953'}, {'screen_name': 'prfmnews', 'name': 'radio prfm 107,5 news channel', 'id': '150589950'}, {'screen_name': 'infobdg', 'name': 'bandung ᮘᮔ᮪ᮓᮥᮀ', 'id': '101494663'}];[];['https://pbs.twimg.com/media/EzPkB99UYAI_PXj.jpg', 'https://pbs.twimg.com/media/EzPkM9rVcAUO9Ae.jpg', 'https://pbs.twimg.com/media/EzPkQMQVkAUEN5T.jpg', 'https://pbs.twimg.com/media/EzPkSYVVgAQSFkc.jpg'];0;0;2;[];[];https://twitter.com/Bandung_Dinkes/status/1383701595666350081;False;;1;https://pbs.twimg.com/media/EzPkB99UYAI_PXj.jpg;;;;;;;[];;;;
1382259760678936577;1382259760678936576;2021-04-14 16:09:42 SE Asia Standard Time;2021-04-14;16:09:42;700;1880780406;bandung_dinkes;Dinas Kesehatan;;"Pelaksanaan Vaksinasi Covid-19 Massal Dosis Ke-2 bagi lansia &amp; pengemudi Grab di Sport Jabar Arcamanik, Rabu (14/04). Sebanyak 1.200 sasaran mendapatkan vaksinasi per hari selama Senin-Kamis (13-15/04). @ahyaniR13 @GrabID @halo_bandung @DiskominfoBdg @PRFMnews @infobandung123  https://t.co/iUq1bpHLTJ";in;[{'screen_name': 'ahyanir13', 'name': 'ahyani raksanagara', 'id': '1726873621'}, {'screen_name': 'grabid', 'name': 'grab indonesia', 'id': '2322081114'}, {'screen_name': 'halo_bandung', 'name': 'prokopim kota bandung i #tidakmudiktidakpiknik', 'id': '1933882213'}, {'screen_name': 'diskominfobdg', 'name': 'diskominfo kota bdg', 'id': '823828956117757953'}, {'screen_name': 'prfmnews', 'name': 'radio prfm 107,5 news channel', 'id': '150589950'}, {'screen_name': 'infobandung123', 'name': 'info bandung', 'id': '2226390264'}];[];['https://pbs.twimg.com/media/Ey7FZpoVgAEzFGl.jpg', 'https://pbs.twimg.com/media/Ey7FgFiVIAEpNr3.jpg', 'https://pbs.twimg.com/media/Ey7FjblVgAId8wp.jpg', 'https://pbs.twimg.com/media/Ey7FmCjUUAM0805.jpg'];0;2;4;[];[];https://twitter.com/Bandung_Dinkes/status/1382259760678936577;False;;1;https://pbs.twimg.com/media/Ey7FZpoVgAEzFGl.jpg;;;;;;;[];;;;
1381821628288360455;1381821628288360448;2021-04-13 11:08:43 SE Asia Standard Time;2021-04-13;11:08:43;700;1880780406;bandung_dinkes;Dinas Kesehatan;;"Dokumentasi Kepala @Bandung_Dinkes @ahyaniR13  mendampingi Wakil Wali Kota Bandunh, @kangyanamulyana  meninjau pelaksanaan Vaksinasi Covid-19 Massal bagi Tenaga Pendidik &amp; lansia di Gedung Yayasan Dana Sosial Priangan, Senin (12/04) @halo_bandung @DiskominfoBdg @PRFMnews @infobdg  https://t.co/zJolLPP0uy";in;[{'screen_name': 'bandung_dinkes', 'name': 'dinas kesehatan', 'id': '1880780406'}, {'screen_name': 'ahyanir13', 'name': 'ahyani raksanagara', 'id': '1726873621'}, {'screen_name': 'kangyanamulyana', 'name': 'yana mulyana', 'id': '958158976260046848'}, {'screen_name': 'halo_bandung', 'name': 'prokopim kota bandung i #tidakmudiktidakpiknik', 'id': '1933882213'}, {'screen_name': 'diskominfobdg', 'name': 'diskominfo kota bdg', 'id': '823828956117757953'}, {'screen_name': 'prfmnews', 'name': 'radio prfm 107,5 news channel', 'id': '150589950'}, {'screen_name': 'infobdg', 'name': 'bandung ᮘᮔ᮪ᮓᮥᮀ', 'id': '101494663'}];[];['https://pbs.twimg.com/media/Ey02xBPVIAgCAIP.jpg', 'https://pbs.twimg.com/media/Ey02z6vVIAIqexx.jpg', 'https://pbs.twimg.com/media/Ey025n9UUAUyMWt.jpg', 'https://pbs.twimg.com/media/Ey027pdU8AARrMq.jpg'];0;0;0;[];[];https://twitter.com/Bandung_Dinkes/status/1381821628288360455;False;;1;https://pbs.twimg.com/media/Ey02xBPVIAgCAIP.jpg;;;;;;;[];;;;
1381472464178323458;1381472464178323456;2021-04-12 12:01:16 SE Asia Standard Time;2021-04-12;12:01:16;700;1880780406;bandung_dinkes;Dinas Kesehatan;;"Wargi Bandung, ayo ajak orang tua kita yang berusia &gt;= 60 tahun untuk mendapatkan vaksinasi Covid-19 di Puskesmas terdekat hanya dengan membawa KTP. Pelayanan ini GRATIS! @ahyaniR13 @halo_bandung @DiskominfoBdg @PRFMnews @SonataFM @infobdg  https://t.co/E27n8tOx3q";in;[{'screen_name': 'ahyanir13', 'name': 'ahyani raksanagara', 'id': '1726873621'}, {'screen_name': 'halo_bandung', 'name': 'prokopim kota bandung i #tidakmudiktidakpiknik', 'id': '1933882213'}, {'screen_name': 'diskominfobdg', 'name': 'diskominfo kota bdg', 'id': '823828956117757953'}, {'screen_name': 'prfmnews', 'name': 'radio prfm 107,5 news channel', 'id': '150589950'}, {'screen_name': 'sonatafm', 'name': 'radiosonata 94 fm', 'id': '2227792021'}, {'screen_name': 'infobdg', 'name': 'bandung ᮘᮔ᮪ᮓᮥᮀ', 'id': '101494663'}];[];['https://pbs.twimg.com/media/Eyv49zFVcAA7XEa.jpg'];0;0;2;[];[];https://twitter.com/Bandung_Dinkes/status/1381472464178323458;False;;1;https://pbs.twimg.com/media/Eyv49zFVcAA7XEa.jpg;;;;;;;[];;;;
1380885067325526020;1380885067325526016;2021-04-10 21:07:10 SE Asia Standard Time;2021-04-10;21:07:10;700;1880780406;bandung_dinkes;Dinas Kesehatan;;"Kepala @Bandung_Dinkes @ahyaniR13 mendampingi Menteri @KemenkesRI Budi Gunadi Sadikin &amp; Gubernur @PemprovJabar @ridwankamil  meninjau pelaksanaan hari terakhir Vaksinasi Covid-19 Massal bagi Pelayan Publik di Kiara Artha Park, Sabtu (10/04/2021). @halo_bandung @PRFMnews @infobdg  https://t.co/hX16sr6wXQ";in;[{'screen_name': 'bandung_dinkes', 'name': 'dinas kesehatan', 'id': '1880780406'}, {'screen_name': 'ahyanir13', 'name': 'ahyani raksanagara', 'id': '1726873621'}, {'screen_name': 'kemenkesri', 'name': 'kemenkes ri', 'id': '161236190'}, {'screen_name': 'pemprovjabar', 'name': 'pemprov jabar', 'id': '2617763400'}, {'screen_name': 'ridwankamil', 'name': 'ridwan kamil', 'id': '80323736'}, {'screen_name': 'halo_bandung', 'name': 'prokopim kota bandung i #tidakmudiktidakpiknik', 'id': '1933882213'}, {'screen_name': 'prfmnews', 'name': 'radio prfm 107,5 news channel', 'id': '150589950'}, {'screen_name': 'infobdg', 'name': 'bandung ᮘᮔ᮪ᮓᮥᮀ', 'id': '101494663'}];[];['https://pbs.twimg.com/media/Eyni5JPXMAAB1bY.jpg', 'https://pbs.twimg.com/media/Eyni-bdXAAUk9Rb.jpg', 'https://pbs.twimg.com/media/EynjCU0XEAk2ERt.jpg', 'https://pbs.twimg.com/media/EynjGc_WgAEvoND.jpg'];0;2;2;[];[];https://twitter.com/Bandung_Dinkes/status/1380885067325526020;False;;1;https://pbs.twimg.com/media/Eyni5JPXMAAB1bY.jpg;;;;;;;[];;;;
1380877282550501379;1380877282550501376;2021-04-10 20:36:14 SE Asia Standard Time;2021-04-10;20:36:14;700;1880780406;bandung_dinkes;Dinas Kesehatan;;@Bandung_Dinkes bersama Panitia Penyelenggaraan Ibadah Haji (PPIH) Kota Bandung menyelenggarakan Vaksinasi Covid-19 Massal bagi Calon Jamaah Haji Kota Bandung tahun 2021, Sabtu (10/04/2021) di Bale Asri @PUSDAI @ahyaniR13 @halo_bandung @PRFMnews @infobdg  https://t.co/OEH5cYkRz7;in;[{'screen_name': 'pusdai', 'name': 'pusdai', 'id': '909600192'}, {'screen_name': 'ahyanir13', 'name': 'ahyani raksanagara', 'id': '1726873621'}, {'screen_name': 'halo_bandung', 'name': 'prokopim kota bandung i #tidakmudiktidakpiknik', 'id': '1933882213'}, {'screen_name': 'prfmnews', 'name': 'radio prfm 107,5 news channel', 'id': '150589950'}, {'screen_name': 'infobdg', 'name': 'bandung ᮘᮔ᮪ᮓᮥᮀ', 'id': '101494663'}];[];['https://pbs.twimg.com/media/EyncBQsXIAcZFag.jpg', 'https://pbs.twimg.com/media/EyncFcmWUAIeWzN.jpg', 'https://pbs.twimg.com/media/EyncLBMWYAILwV4.jpg', 'https://pbs.twimg.com/media/EyncM_HWUAMrsos.jpg'];0;0;3;[];[];https://twitter.com/Bandung_Dinkes/status/1380877282550501379;False;;1;https://pbs.twimg.com/media/EyncBQsXIAcZFag.jpg;;;;;;;[];;;;
1380690185021575168;1380690185021575168;2021-04-10 08:12:46 SE Asia Standard Time;2021-04-10;08:12:46;700;1880780406;bandung_dinkes;Dinas Kesehatan;;Dokumentasi Kegiatan vaksinasi massal bagi 600 guru se- @KecBacip Jumat (09/04/2021) di SDN 060 Raya Barat. Kabid Yankes @Bandung_Dinkes Yorisa Sativa meninjau langsung kegiatan tsb. @ahyaniR13 @halo_bandung @DiskominfoBdg @PRFMnews @infobdg  https://t.co/pgnUuEVdra;in;[{'screen_name': 'kecbacip', 'name': 'kec babakan ciparay', 'id': '1875834528'}, {'screen_name': 'bandung_dinkes', 'name': 'dinas kesehatan', 'id': '1880780406'}, {'screen_name': 'ahyanir13', 'name': 'ahyani raksanagara', 'id': '1726873621'}, {'screen_name': 'halo_bandung', 'name': 'prokopim kota bandung i #tidakmudiktidakpiknik', 'id': '1933882213'}, {'screen_name': 'diskominfobdg', 'name': 'diskominfo kota bdg', 'id': '823828956117757953'}, {'screen_name': 'prfmnews', 'name': 'radio prfm 107,5 news channel', 'id': '150589950'}, {'screen_name': 'infobdg', 'name': 'bandung ᮘᮔ᮪ᮓᮥᮀ', 'id': '101494663'}];[];['https://pbs.twimg.com/media/EykxJ_zUcAEpxxb.jpg', 'https://pbs.twimg.com/media/EykxVU_VIAAmywo.jpg', 'https://pbs.twimg.com/media/Eykxv-7VEAEZyzt.jpg', 'https://pbs.twimg.com/media/Eykx5NoVcAAPET4.jpg'];1;0;6;[];[];https://twitter.com/Bandung_Dinkes/status/1380690185021575168;False;;1;https://pbs.twimg.com/media/EykxJ_zUcAEpxxb.jpg;;;;;;;[];;;;
1379003547853881349;1379003547853881344;2021-04-05 16:30:41 SE Asia Standard Time;2021-04-05;16:30:41;700;1880780406;bandung_dinkes;Dinas Kesehatan;;"@Bandung_Dinkes  berkolaborasi dgn @ShopeeID  melaksanakan vaksinasi massal bg 10.000 Guru, ASN, Dosen, &amp; Pelaku Pariwisata, Senin (05/04) di Kiara Artha Park. Kabid Yankes, Yorisa &amp; Ketua @DPRDKotaBandung @tedyrusmawan meninjau kegiatan tsb. @ahyaniR13 @halo_bandung @PRFMnews  https://t.co/K2Moa97nyQ";in;[{'screen_name': 'shopeeid', 'name': 'shopee indonesia', 'id': '2983890506'}, {'screen_name': 'dprdkotabandung', 'name': 'dprd kota bandung', 'id': '240999774'}, {'screen_name': 'tedyrusmawan', 'name': 'tedy rusmawan', 'id': '280300299'}, {'screen_name': 'ahyanir13', 'name': 'ahyani raksanagara', 'id': '1726873621'}, {'screen_name': 'halo_bandung', 'name': 'prokopim kota bandung i #tidakmudiktidakpiknik', 'id': '1933882213'}, {'screen_name': 'prfmnews', 'name': 'radio prfm 107,5 news channel', 'id': '150589950'}];[];['https://pbs.twimg.com/media/EyMznsyVcAQ_O4K.jpg', 'https://pbs.twimg.com/media/EyMzs-TVEAMVb8-.jpg', 'https://pbs.twimg.com/media/EyM0DSNVIAElF9M.jpg', 'https://pbs.twimg.com/media/EyM0HmMU4AE4hdA.jpg'];3;2;1;[];[];https://twitter.com/Bandung_Dinkes/status/1379003547853881349;False;;1;https://pbs.twimg.com/media/EyMznsyVcAQ_O4K.jpg;;;;;;;[];;;;
1378333702883713031;1378333702883713024;2021-04-03 20:08:57 SE Asia Standard Time;2021-04-03;20:08:57;700;1880780406;bandung_dinkes;Dinas Kesehatan;;"Wargi Bandung, sudah ada 400 ribu lebih sasaran yg sudah mendapatkan vaksinasi Covid-19 di Kota Bandung. Terus dukung &amp; berdoa supaya pemberian vaksin lancar jg tetap jalankan protokol kesehatan ya! Salam sehat! @ahyaniR13 @HumasBdg @DiskominfoBdg @PRFMnews @SonataFM @infobdg  https://t.co/id7sCWW9Hb";in;[{'screen_name': 'ahyanir13', 'name': 'ahyani raksanagara', 'id': '1726873621'}, {'screen_name': 'diskominfobdg', 'name': 'diskominfo kota bdg', 'id': '823828956117757953'}, {'screen_name': 'prfmnews', 'name': 'radio prfm 107,5 news channel', 'id': '150589950'}, {'screen_name': 'sonatafm', 'name': 'radiosonata 94 fm', 'id': '2227792021'}, {'screen_name': 'infobdg', 'name': 'bandung ᮘᮔ᮪ᮓᮥᮀ', 'id': '101494663'}];[];['https://pbs.twimg.com/media/EyDSv5cVoAU21Br.jpg'];1;3;10;[];[];https://twitter.com/Bandung_Dinkes/status/1378333702883713031;False;;1;https://pbs.twimg.com/media/EyDSv5cVoAU21Br.jpg;;;;;;;[];;;;
1378216091407638532;1378216091407638528;2021-04-03 12:21:36 SE Asia Standard Time;2021-04-03;12:21:36;700;1880780406;bandung_dinkes;Dinas Kesehatan;;Wargi Bandung, berikut jadwal vaksinasi oleh Dinkes Provinsi Jabar. Silakan dicek. Salam sehat! @ahyaniR13 @anharhadian @HumasBdg @diskesjabar @humasjabar @PRFMnews @infobdg  https://t.co/wqpK0bBrXx;in;[{'screen_name': 'ahyanir13', 'name': 'ahyani raksanagara', 'id': '1726873621'}, {'screen_name': 'anharhadian', 'name': 'anhar hadian', 'id': '1883159372'}, {'screen_name': 'diskesjabar', 'name': 'dinkes jabar | #ayopakaimasker', 'id': '1963724934'}, {'screen_name': 'humasjabar', 'name': 'pemdaprov jabar | #ayopakaimasker', 'id': '2455950804'}, {'screen_name': 'prfmnews', 'name': 'radio prfm 107,5 news channel', 'id': '150589950'}, {'screen_name': 'infobdg', 'name': 'bandung ᮘᮔ᮪ᮓᮥᮀ', 'id': '101494663'}];[];['https://pbs.twimg.com/media/EyBntHvVIAcsq--.jpg'];3;10;12;[];[];https://twitter.com/Bandung_Dinkes/status/1378216091407638532;False;;1;https://pbs.twimg.com/media/EyBntHvVIAcsq--.jpg;;;;;;;[];;;;
1377591687829016578;1377591687829016576;2021-04-01 19:00:27 SE Asia Standard Time;2021-04-01;19:00:27;700;1880780406;bandung_dinkes;Dinas Kesehatan;;"@Bandung_Dinkes bekerja sama dengan @disdagin_bdg  &amp; APPBI Jabar melakukan Vaksinasi Covid-19 Massal dosis ke-1 bagi 1.000 pegawai mall dan 230 dosis ke-2 bagi pegawai mall di seluruh Kota Bandung, Kamis (01/04/2021) di Hotel Aryaduta. @ahyaniR13 @HumasBdg @PRFMnews @infobdg  https://t.co/B37qGplXZs";in;[{'screen_name': 'disdagin_bdg', 'name': 'disdagin bandung | #bandungnuurang209', 'id': '1874312300'}, {'screen_name': 'ahyanir13', 'name': 'ahyani raksanagara', 'id': '1726873621'}, {'screen_name': 'prfmnews', 'name': 'radio prfm 107,5 news channel', 'id': '150589950'}, {'screen_name': 'infobdg', 'name': 'bandung ᮘᮔ᮪ᮓᮥᮀ', 'id': '101494663'}];[];['https://pbs.twimg.com/media/Ex4vfLnVIAk1But.jpg', 'https://pbs.twimg.com/media/Ex4vjbRU4AQA3Oj.jpg', 'https://pbs.twimg.com/media/Ex4vnR2VgAMWtpL.jpg', 'https://pbs.twimg.com/media/Ex4vpXxUcAQOADG.jpg'];0;1;5;[];[];https://twitter.com/Bandung_Dinkes/status/1377591687829016578;False;;1;https://pbs.twimg.com/media/Ex4vfLnVIAk1But.jpg;;;;;;;[];;;;
1377203636967628806;1377203636967628800;2021-03-31 17:18:28 SE Asia Standard Time;2021-03-31;17:18:28;700;1880780406;bandung_dinkes;Dinas Kesehatan;;"@Bandung_Dinkes bekerja sama dengan @disdagin_bdg  &amp; APPBI Jabar melakukan Vaksinasi Covid Massal bagi 1.000 pegawai mall seluruh Kota Bandung, Rabu (31/03/2021) di Hotel Aryaduta. Kepala @Bandung_Dinkes @ahyaniR13  meninjau langsung kegiatan tsb. @HumasBdg @PRFMnews @infobdg  https://t.co/FUKHGbxuug";in;[{'screen_name': 'disdagin_bdg', 'name': 'disdagin bandung | #bandungnuurang209', 'id': '1874312300'}, {'screen_name': 'bandung_dinkes', 'name': 'dinas kesehatan', 'id': '1880780406'}, {'screen_name': 'ahyanir13', 'name': 'ahyani raksanagara', 'id': '1726873621'}, {'screen_name': 'prfmnews', 'name': 'radio prfm 107,5 news channel', 'id': '150589950'}, {'screen_name': 'infobdg', 'name': 'bandung ᮘᮔ᮪ᮓᮥᮀ', 'id': '101494663'}];[];['https://pbs.twimg.com/media/ExzO2imUcAIHtke.jpg', 'https://pbs.twimg.com/media/ExzO7yIVoAM8x1v.jpg', 'https://pbs.twimg.com/media/ExzO-pRUcAENEtQ.jpg', 'https://pbs.twimg.com/media/ExzPAQnUcAUzeUo.jpg'];0;0;1;[];[];https://twitter.com/Bandung_Dinkes/status/1377203636967628806;False;;1;https://pbs.twimg.com/media/ExzO2imUcAIHtke.jpg;;;;;;;[];;;;
1377178224694718464;1377178224694718464;2021-03-31 15:37:30 SE Asia Standard Time;2021-03-31;15:37:30;700;1880780406;bandung_dinkes;Dinas Kesehatan;;@Bandung_Dinkes melakukan Vaksinasi Covid-19 Dosis Kedua bagi 225 Pegawai Toko Retail, Rabu (31/03/2021) di Piset Square. Acara tersebut berlangsung lancar dengan tetap menerapkan protokol kesehatan. @ahyaniR13 @HumasBdg @PisetSquare @PRFMnews @SonataFM @infobdg  https://t.co/6dNkEUM6O6;in;[{'screen_name': 'ahyanir13', 'name': 'ahyani raksanagara', 'id': '1726873621'}, {'screen_name': 'pisetsquare', 'name': 'piset square', 'id': '3240116978'}, {'screen_name': 'prfmnews', 'name': 'radio prfm 107,5 news channel', 'id': '150589950'}, {'screen_name': 'sonatafm', 'name': 'radiosonata 94 fm', 'id': '2227792021'}, {'screen_name': 'infobdg', 'name': 'bandung ᮘᮔ᮪ᮓᮥᮀ', 'id': '101494663'}];[];['https://pbs.twimg.com/media/Exy32UMU4AI4FI-.jpg', 'https://pbs.twimg.com/media/Exy38LPUUAI4noq.jpg', 'https://pbs.twimg.com/media/Exy3-8GUUAELeM-.jpg', 'https://pbs.twimg.com/media/Exy4DC6VgAEZorR.jpg'];0;0;1;[];[];https://twitter.com/Bandung_Dinkes/status/1377178224694718464;False;;1;https://pbs.twimg.com/media/Exy32UMU4AI4FI-.jpg;;;;;;;[];;;;
1377058990585114626;1377058990585114624;2021-03-31 07:43:42 SE Asia Standard Time;2021-03-31;07:43:42;700;1880780406;bandung_dinkes;Dinas Kesehatan;;Dokumentasi UPT Puskesmas Arcamanik melaksanakan Vaksinasi Massal Covid-19 kepada 600 pegawai PUPR, Selasa (30/03/2021). Kepala Seksi Surveilans dan Imunisasi @Bandung_Dinkes  Girindra Wardhana turut memantau kegiatan tersebut. @ahyaniR13 @HumasBdg @PRFMnews @KemenPU  https://t.co/wm0kIyVrTi;in;[{'screen_name': 'bandung_dinkes', 'name': 'dinas kesehatan', 'id': '1880780406'}, {'screen_name': 'ahyanir13', 'name': 'ahyani raksanagara', 'id': '1726873621'}, {'screen_name': 'prfmnews', 'name': 'radio prfm 107,5 news channel', 'id': '150589950'}, {'screen_name': 'kemenpu', 'name': 'kementerian pupr', 'id': '179835283'}];[];['https://pbs.twimg.com/media/ExxLFwgUUAQ5h-a.jpg', 'https://pbs.twimg.com/media/ExxLQ7YVgAEAM5v.jpg', 'https://pbs.twimg.com/media/ExxLcObUYAEQLZn.jpg', 'https://pbs.twimg.com/media/ExxLgEYVEAAFi16.jpg'];0;0;1;[];[];https://twitter.com/Bandung_Dinkes/status/1377058990585114626;False;;1;https://pbs.twimg.com/media/ExxLFwgUUAQ5h-a.jpg;;;;;;;[];;;;
1377056584707137538;1377056584707137536;2021-03-31 07:34:08 SE Asia Standard Time;2021-03-31;07:34:08;700;1880780406;bandung_dinkes;Dinas Kesehatan;;"Dokumentasi @Bandung_Dinkes bekerja sama dengan @disdagin_bdg  &amp; APRINDO Jabar melaksanakan Vaksinasi Covid-19 Massal hari ke-2 kepada 1.000 pegawai retail di Kota Bandung, Selasa (30/03/2021) di Hotel Asrilia. @ahyaniR13 @HumasBdg @DiskominfoBdg @PRFMnews @infobdg @SonataFM  https://t.co/NiKwwqYUDQ";in;[{'screen_name': 'bandung_dinkes', 'name': 'dinas kesehatan', 'id': '1880780406'}, {'screen_name': 'disdagin_bdg', 'name': 'disdagin bandung | #bandungnuurang209', 'id': '1874312300'}, {'screen_name': 'ahyanir13', 'name': 'ahyani raksanagara', 'id': '1726873621'}, {'screen_name': 'diskominfobdg', 'name': 'diskominfo kota bdg', 'id': '823828956117757953'}, {'screen_name': 'prfmnews', 'name': 'radio prfm 107,5 news channel', 'id': '150589950'}, {'screen_name': 'infobdg', 'name': 'bandung ᮘᮔ᮪ᮓᮥᮀ', 'id': '101494663'}, {'screen_name': 'sonatafm', 'name': 'radiosonata 94 fm', 'id': '2227792021'}];[];['https://pbs.twimg.com/media/ExxJM1BVgAAIEL3.jpg', 'https://pbs.twimg.com/media/ExxJRnfVIAAbEXt.jpg', 'https://pbs.twimg.com/media/ExxJU0xVoAEH2T2.jpg', 'https://pbs.twimg.com/media/ExxJW6cVoAIOZZL.jpg'];0;1;0;[];[];https://twitter.com/Bandung_Dinkes/status/1377056584707137538;False;;1;https://pbs.twimg.com/media/ExxJM1BVgAAIEL3.jpg;;;;;;;[];;;;
1376821058519457795;1376821058519457792;2021-03-30 15:58:15 SE Asia Standard Time;2021-03-30;15:58:15;700;1880780406;bandung_dinkes;Dinas Kesehatan;;@Bandung_Dinkes melakukan Vaksinasi Covid-19 Dosis Kedua bagi 1.200 Aparat Kewilayahan di Kota Bandung, Selasa (30/03/2021) di Hotel Karangsetra. @ahyaniR13 @HumasBdg @DiskominfoBdg @PRFMnews @infobdg  https://t.co/qfKnezxEpN;in;[{'screen_name': 'ahyanir13', 'name': 'ahyani raksanagara', 'id': '1726873621'}, {'screen_name': 'diskominfobdg', 'name': 'diskominfo kota bdg', 'id': '823828956117757953'}, {'screen_name': 'prfmnews', 'name': 'radio prfm 107,5 news channel', 'id': '150589950'}, {'screen_name': 'infobdg', 'name': 'bandung ᮘᮔ᮪ᮓᮥᮀ', 'id': '101494663'}];[];['https://pbs.twimg.com/media/ExtymAuU4AElU13.jpg', 'https://pbs.twimg.com/media/ExtyxrBVEAUyRjt.jpg', 'https://pbs.twimg.com/media/Exty1lYVcAU18EZ.jpg', 'https://pbs.twimg.com/media/Exty7WyVEAM6o8E.jpg'];0;1;3;[];[];https://twitter.com/Bandung_Dinkes/status/1376821058519457795;False;;1;https://pbs.twimg.com/media/ExtymAuU4AElU13.jpg;;;;;;;[];;;;
1376656529303031810;1376656529303031808;2021-03-30 05:04:28 SE Asia Standard Time;2021-03-30;05:04:28;700;1880780406;bandung_dinkes;Dinas Kesehatan;;Dokumentasi @Bandung_Dinkes bekerja sama dengan @disdagin_bdg  dan APRINDO Jabar melaksanakan Vaksinasi Covid-19 Massal kepada 1013 pegawai retail di Kota Bandung, Senin (29/03/2021) di Hotel Asrilia. @ahyaniR13 @HumasBdg @DiskominfoBdg @PRFMnews @infobdg @SonataFM  https://t.co/u5EvHvGU3Q;in;[{'screen_name': 'bandung_dinkes', 'name': 'dinas kesehatan', 'id': '1880780406'}, {'screen_name': 'disdagin_bdg', 'name': 'disdagin bandung | #bandungnuurang209', 'id': '1874312300'}, {'screen_name': 'ahyanir13', 'name': 'ahyani raksanagara', 'id': '1726873621'}, {'screen_name': 'diskominfobdg', 'name': 'diskominfo kota bdg', 'id': '823828956117757953'}, {'screen_name': 'prfmnews', 'name': 'radio prfm 107,5 news channel', 'id': '150589950'}, {'screen_name': 'infobdg', 'name': 'bandung ᮘᮔ᮪ᮓᮥᮀ', 'id': '101494663'}, {'screen_name': 'sonatafm', 'name': 'radiosonata 94 fm', 'id': '2227792021'}];[];['https://pbs.twimg.com/media/ExrdkjIVcAUq8Z8.jpg', 'https://pbs.twimg.com/media/ExrdpY0U4AI422b.jpg', 'https://pbs.twimg.com/media/ExrdvdgVgAI9QPS.jpg', 'https://pbs.twimg.com/media/ExrdzmgVIAAlv6i.jpg'];0;2;2;[];[];https://twitter.com/Bandung_Dinkes/status/1376656529303031810;False;;1;https://pbs.twimg.com/media/ExrdkjIVcAUq8Z8.jpg;;;;;;;[];;;;
1376461804629417986;1376461804629417984;2021-03-29 16:10:42 SE Asia Standard Time;2021-03-29;16:10:42;700;1880780406;bandung_dinkes;Dinas Kesehatan;;@Bandung_Dinkes melaksanakan Vaksinasi Covid-19 Massal kepada 1000 Pedagang Pasar Tradisional di @baltosbdg Senin (29/03/2021). @ahyaniR13 @HumasBdg @KelTamansariBdg @PRFMnews @infobdg  https://t.co/nZwMIhiUjL;in;[{'screen_name': 'baltosbdg', 'name': 'balubur town square', 'id': '607927003'}, {'screen_name': 'ahyanir13', 'name': 'ahyani raksanagara', 'id': '1726873621'}, {'screen_name': 'keltamansaribdg', 'name': 'kelurahan tamansari', 'id': '3240552744'}, {'screen_name': 'prfmnews', 'name': 'radio prfm 107,5 news channel', 'id': '150589950'}, {'screen_name': 'infobdg', 'name': 'bandung ᮘᮔ᮪ᮓᮥᮀ', 'id': '101494663'}];[];['https://pbs.twimg.com/media/Exor_12VIAAC67B.jpg', 'https://pbs.twimg.com/media/ExosD1fU8AAEdfv.jpg', 'https://pbs.twimg.com/media/ExosLKHVIAMb2uA.jpg', 'https://pbs.twimg.com/media/ExosOF9UYAQxldc.jpg'];0;1;1;[];[];https://twitter.com/Bandung_Dinkes/status/1376461804629417986;False;;1;https://pbs.twimg.com/media/Exor_12VIAAC67B.jpg;;;;;;;[];;;;
1375400666953224198;1375400666953224192;2021-03-26 17:54:07 SE Asia Standard Time;2021-03-26;17:54:07;700;1880780406;bandung_dinkes;Dinas Kesehatan;;"@Bandung_Dinkes melaksanakan Vaksinasi Covid-19 Massal dosis pertama kepada 277 wartawan di Kota Bandung, Jumat (26/03/2021). Acara tersebut terselenggara atas kerja sama Dinkes Kota Bandung &amp; Bagian @HumasBdg @ahyaniR13 @PRFMnews @SonataFM @infobdg  https://t.co/7yNTPtFXKo";in;[{'screen_name': 'ahyanir13', 'name': 'ahyani raksanagara', 'id': '1726873621'}, {'screen_name': 'prfmnews', 'name': 'radio prfm 107,5 news channel', 'id': '150589950'}, {'screen_name': 'sonatafm', 'name': 'radiosonata 94 fm', 'id': '2227792021'}, {'screen_name': 'infobdg', 'name': 'bandung ᮘᮔ᮪ᮓᮥᮀ', 'id': '101494663'}];[];['https://pbs.twimg.com/media/ExZnGnIU8AMdAuj.jpg', 'https://pbs.twimg.com/media/ExZnLeHVgAYPYKm.jpg', 'https://pbs.twimg.com/media/ExZnRiRUYAECbYO.jpg', 'https://pbs.twimg.com/media/ExZnUSxUUAQ5lke.jpg'];1;3;1;[];[];https://twitter.com/Bandung_Dinkes/status/1375400666953224198;False;;1;https://pbs.twimg.com/media/ExZnGnIU8AMdAuj.jpg;;;;;;;[];;;;
1375396096172679168;1375396096172679168;2021-03-26 17:35:57 SE Asia Standard Time;2021-03-26;17:35:57;700;1880780406;bandung_dinkes;Dinas Kesehatan;;Penerimaan Penambahan Vaksin Covid-19 Tahap 2 dr @KemenkesRI melalui @diskesjabar oleh Seksi Farmalkes @Bandung_Dinkes , Jumat (26/03). @ahyaniR13 @HumasBdg @DPRDKotaBandung @PRFMnews @SonataFM @infobdg  https://t.co/S4wx5rP8is;in;[{'screen_name': 'kemenkesri', 'name': 'kemenkes ri', 'id': '161236190'}, {'screen_name': 'diskesjabar', 'name': 'dinkes jabar | #tidakmudiktidakpiknik', 'id': '1963724934'}, {'screen_name': 'bandung_dinkes', 'name': 'dinas kesehatan', 'id': '1880780406'}, {'screen_name': 'ahyanir13', 'name': 'ahyani raksanagara', 'id': '1726873621'}, {'screen_name': 'dprdkotabandung', 'name': 'dprd kota bandung', 'id': '240999774'}, {'screen_name': 'prfmnews', 'name': 'radio prfm 107,5 news channel', 'id': '150589950'}, {'screen_name': 'sonatafm', 'name': 'radiosonata 94 fm', 'id': '2227792021'}, {'screen_name': 'infobdg', 'name': 'bandung ᮘᮔ᮪ᮓᮥᮀ', 'id': '101494663'}];[];['https://pbs.twimg.com/media/ExZitykU4AIjO1O.jpg', 'https://pbs.twimg.com/media/ExZizTsVIAIZm1D.jpg', 'https://pbs.twimg.com/media/ExZi5GUUYAE8obJ.jpg', 'https://pbs.twimg.com/media/ExZi8dFU4AQXM-M.jpg'];1;2;5;[];[];https://twitter.com/Bandung_Dinkes/status/1375396096172679168;False;;1;https://pbs.twimg.com/media/ExZitykU4AIjO1O.jpg;;;;;;;[];;;;
1375063259082944518;1375063259082944512;2021-03-25 19:33:23 SE Asia Standard Time;2021-03-25;19:33:23;700;1880780406;bandung_dinkes;Dinas Kesehatan;;"Pelaksanaan Gebyar Vaksin Covid-19 massal bagi pedagang di ITC, Kamis (25/03/2021). Sebanyak 240 pedagang mendapatkan vaksinasi dosis 1 &amp; akan mendapatkan vaksin dosis 2 pada 14 hari mendatang. @ahyaniR13 @HumasBdg @disdagin_bdg  https://t.co/Y9lTvaFD8X";in;[{'screen_name': 'ahyanir13', 'name': 'ahyani raksanagara', 'id': '1726873621'}, {'screen_name': 'disdagin_bdg', 'name': 'disdagin bandung | #bandungnuurang209', 'id': '1874312300'}];[];['https://pbs.twimg.com/media/ExUzdUOU8AIvxtx.jpg', 'https://pbs.twimg.com/media/ExUzqVNU4AAXen7.jpg', 'https://pbs.twimg.com/media/ExUztTYUUAAGh1R.jpg', 'https://pbs.twimg.com/media/ExUz6J5UUAcA6Jm.jpg'];0;0;1;[];[];https://twitter.com/Bandung_Dinkes/status/1375063259082944518;False;;1;https://pbs.twimg.com/media/ExUzdUOU8AIvxtx.jpg;;;;;;;[];;;;
1374890638404055041;1374890638404055040;2021-03-25 08:07:27 SE Asia Standard Time;2021-03-25;08:07:27;700;1880780406;bandung_dinkes;Dinas Kesehatan;;Dokumentasi @Bandung_Dinkes melakukan pemberian dosis ke-2 vaksinasi Covid-19 kepada 300 pedagang Pasar Modern, Kamis (24/03/2021) di @TransStudioBdng Mall. Dalam acara tersebut turut dihadiri oleh Wakil Wali Kota Bandung, @kangyanamulyana @ahyaniR13 @HumasBdg @PRFMnews @infobdg  https://t.co/1anBIyjsQm;in;[{'screen_name': 'bandung_dinkes', 'name': 'dinas kesehatan', 'id': '1880780406'}, {'screen_name': 'transstudiobdng', 'name': 'trans studio bandung', 'id': '305706297'}, {'screen_name': 'kangyanamulyana', 'name': 'yana mulyana', 'id': '958158976260046848'}, {'screen_name': 'ahyanir13', 'name': 'ahyani raksanagara', 'id': '1726873621'}, {'screen_name': 'prfmnews', 'name': 'radio prfm 107,5 news channel', 'id': '150589950'}, {'screen_name': 'infobdg', 'name': 'bandung ᮘᮔ᮪ᮓᮥᮀ', 'id': '101494663'}];[];['https://pbs.twimg.com/media/ExSWxtOUUAAuOe3.jpg', 'https://pbs.twimg.com/media/ExSW6RZUUAQtYA6.jpg', 'https://pbs.twimg.com/media/ExSW85EUUAY_KDG.jpg', 'https://pbs.twimg.com/media/ExSXCfLVgAEgliO.jpg'];2;1;3;[];[];https://twitter.com/Bandung_Dinkes/status/1374890638404055041;False;;1;https://pbs.twimg.com/media/ExSWxtOUUAAuOe3.jpg;;;;;;;[];;;;
1374636045577252869;1374636045577252864;2021-03-24 15:15:47 SE Asia Standard Time;2021-03-24;15:15:47;700;1880780406;bandung_dinkes;Dinas Kesehatan;;"@Bandung_Dinkes melaksanakan pemberian vaksinasi Covid-19 dosis kedua bagi 1.200 pelayan publik, Rabu (24/03/2021) di Hotel Karangsetra. Sebanyak 800 guru &amp; 400 pegawai BUMN &amp; BUMD yg kantornya berada di Kota Bandung mendapatkan vaksinasi dosis kedua. @ahyaniR13 @HumasBdg  https://t.co/M9CU4UqFw8";in;[{'screen_name': 'ahyanir13', 'name': 'ahyani raksanagara', 'id': '1726873621'}];[];['https://pbs.twimg.com/media/ExOuZGoVcAEnMZA.jpg', 'https://pbs.twimg.com/media/ExOuguBVkAA-KmJ.jpg', 'https://pbs.twimg.com/media/ExOulzoUYAA2oPR.jpg', 'https://pbs.twimg.com/media/ExOuvynUcAgxYLl.jpg'];0;0;3;[];[];https://twitter.com/Bandung_Dinkes/status/1374636045577252869;False;;1;https://pbs.twimg.com/media/ExOuZGoVcAEnMZA.jpg;;;;;;;[];;;;
1374487769511174152;1374487769511174144;2021-03-24 05:26:35 SE Asia Standard Time;2021-03-24;05:26:35;700;1880780406;bandung_dinkes;Dinas Kesehatan;;Dokumentasi Dinas Kesehatan Kota @Bandung_Dinkes melakukan pemberian dosis ke-2 vaksinasi covid-19 kepada 1.100 Pelayan publik terdiri dr Dosen, Pariwisata, PDAM, dll, Selasa (23/03) di Hotel El Royal Bandung. @ahyaniR13 @HumasBdg @bkppbdg @PRFMnews @SonataFM  https://t.co/IsjtdYltzq;in;[{'screen_name': 'bandung_dinkes', 'name': 'dinas kesehatan', 'id': '1880780406'}, {'screen_name': 'ahyanir13', 'name': 'ahyani raksanagara', 'id': '1726873621'}, {'screen_name': 'prfmnews', 'name': 'radio prfm 107,5 news channel', 'id': '150589950'}, {'screen_name': 'sonatafm', 'name': 'radiosonata 94 fm', 'id': '2227792021'}];[];['https://pbs.twimg.com/media/ExMolYEVoAEsVhO.jpg', 'https://pbs.twimg.com/media/ExMooLOVoAI55si.jpg', 'https://pbs.twimg.com/media/ExMosv9VEAA1VZL.jpg', 'https://pbs.twimg.com/media/ExMowPYUcAAgiRl.jpg'];0;2;3;[];[];https://twitter.com/Bandung_Dinkes/status/1374487769511174152;False;;1;https://pbs.twimg.com/media/ExMolYEVoAEsVhO.jpg;;;;;;;[];;;;
1374217346202542082;1374217346202542080;2021-03-23 11:32:01 SE Asia Standard Time;2021-03-23;11:32:01;700;1880780406;bandung_dinkes;Dinas Kesehatan;;@Bandung_Dinkes melakukan pemberian dosis ke-2 vaksinasi covid-19 kepada 300 pegawai Yogya Kepatihan, Selasa (23/03/2021). @ahyaniR13 @HumasBdg @disdagin_bdg  @info_yogyagroup @PRFMnews @SonataFM @infobdg  https://t.co/RtEESsJzPy;in;[{'screen_name': 'ahyanir13', 'name': 'ahyani raksanagara', 'id': '1726873621'}, {'screen_name': 'disdagin_bdg', 'name': 'disdagin bandung | #bandungnuurang209', 'id': '1874312300'}, {'screen_name': 'info_yogyagroup', 'name': 'info_yogyagroup', 'id': '1021100742'}, {'screen_name': 'prfmnews', 'name': 'radio prfm 107,5 news channel', 'id': '150589950'}, {'screen_name': 'sonatafm', 'name': 'radiosonata 94 fm', 'id': '2227792021'}, {'screen_name': 'infobdg', 'name': 'bandung ᮘᮔ᮪ᮓᮥᮀ', 'id': '101494663'}];[];['https://pbs.twimg.com/media/ExIywFqVkAIQ_I7.jpg', 'https://pbs.twimg.com/media/ExIyzasUYAEb-9j.jpg', 'https://pbs.twimg.com/media/ExIy4i_UUAE41mn.jpg', 'https://pbs.twimg.com/media/ExIy7vCUYAMKw9m.jpg'];0;1;0;[];[];https://twitter.com/Bandung_Dinkes/status/1374217346202542082;False;;1;https://pbs.twimg.com/media/ExIywFqVkAIQ_I7.jpg;;;;;;;[];;;;
1374151626726940677;1374151626726940672;2021-03-23 07:10:52 SE Asia Standard Time;2021-03-23;07:10:52;700;1880780406;bandung_dinkes;Dinas Kesehatan;;Dokumentasi @Bandung_Dinkes melakukan pemberian dosis ke-2 vaksinasi covid-19 kepada 300 pedagang Pasar Baru, Senin (22/03/2021). @ahyaniR13 @HumasBdg @pasarkotabdg @PasarbaruT @PRFMnews @infobdg  https://t.co/nVPMLnCvNq;in;[{'screen_name': 'bandung_dinkes', 'name': 'dinas kesehatan', 'id': '1880780406'}, {'screen_name': 'ahyanir13', 'name': 'ahyani raksanagara', 'id': '1726873621'}, {'screen_name': 'pasarkotabdg', 'name': 'perumda pasar juara kota bandung', 'id': '1353979190'}, {'screen_name': 'pasarbarut', 'name': 'pasarbaru trade center', 'id': '1141632498117406720'}, {'screen_name': 'prfmnews', 'name': 'radio prfm 107,5 news channel', 'id': '150589950'}, {'screen_name': 'infobdg', 'name': 'bandung ᮘᮔ᮪ᮓᮥᮀ', 'id': '101494663'}];[];['https://pbs.twimg.com/media/ExH3c4gU8AIWkfi.jpg', 'https://pbs.twimg.com/media/ExH3gvKU8AEOqz3.jpg', 'https://pbs.twimg.com/media/ExH3kWZU8Ac87Kz.jpg', 'https://pbs.twimg.com/media/ExH3nhTVoAAip4_.jpg'];1;0;3;[];[];https://twitter.com/Bandung_Dinkes/status/1374151626726940677;False;;1;https://pbs.twimg.com/media/ExH3c4gU8AIWkfi.jpg;;;;;;;[];;;;
1373262034716872704;1373262034716872704;2021-03-20 20:15:57 SE Asia Standard Time;2021-03-20;20:15:57;700;1880780406;bandung_dinkes;Dinas Kesehatan;;Pelaksanaan Vaksinasi Covid-19 Massal Drive Thru bagi Alumni Unpad kategori Lansia di Kampus Unpad Dipatiukur, Sabtu (20/03). Pd kegiatan tsb, Kepala @Bandung_Dinkes @ahyaniR13 mendampingi Rektor @unpad , Rina Indiastuti meninjau kegiatan tsb. @HumasBdg @PRFMnews @infobdg  https://t.co/Snu1jhJUPJ;in;[{'screen_name': 'bandung_dinkes', 'name': 'dinas kesehatan', 'id': '1880780406'}, {'screen_name': 'ahyanir13', 'name': 'ahyani raksanagara', 'id': '1726873621'}, {'screen_name': 'unpad', 'name': 'unpad', 'id': '51010742'}, {'screen_name': 'prfmnews', 'name': 'radio prfm 107,5 news channel', 'id': '150589950'}, {'screen_name': 'infobdg', 'name': 'bandung ᮘᮔ᮪ᮓᮥᮀ', 'id': '101494663'}];[];['https://pbs.twimg.com/media/Ew7N2YyVgAIPP-Y.jpg', 'https://pbs.twimg.com/media/Ew7N5T3VkAAlri7.jpg', 'https://pbs.twimg.com/media/Ew7N74bUcAUi87P.jpg', 'https://pbs.twimg.com/media/Ew7N-soVgAQnEjJ.jpg'];0;5;12;[];[];https://twitter.com/Bandung_Dinkes/status/1373262034716872704;False;;1;https://pbs.twimg.com/media/Ew7N2YyVgAIPP-Y.jpg;;;;;;;[];;;;
1373169080039968768;1373169080039968768;2021-03-20 14:06:35 SE Asia Standard Time;2021-03-20;14:06:35;700;1880780406;bandung_dinkes;Dinas Kesehatan;;Wargi Bandung, kami selalu menjaga keamanan pelayanan kesehatan, termasuk limbah medis yg dihasilkan. Wargi tdk perlu khawatir krn penanganan limbah medis, khususnya saat vaksinasi Covid-19 sudah sesuai SOP seperti pd gambar di bawah ini. @ahyaniR13 @HumasBdg @PRFMnews @infobdg  https://t.co/N0VS3AHvOs;in;[{'screen_name': 'ahyanir13', 'name': 'ahyani raksanagara', 'id': '1726873621'}, {'screen_name': 'prfmnews', 'name': 'radio prfm 107,5 news channel', 'id': '150589950'}, {'screen_name': 'infobdg', 'name': 'bandung ᮘᮔ᮪ᮓᮥᮀ', 'id': '101494663'}];[];['https://pbs.twimg.com/media/Ew55htWVcAQwpwj.jpg'];0;2;1;[];[];https://twitter.com/Bandung_Dinkes/status/1373169080039968768;False;;1;https://pbs.twimg.com/media/Ew55htWVcAQwpwj.jpg;;;;;;;[];;;;
1372895620600537096;1372895620600537088;2021-03-19 19:59:57 SE Asia Standard Time;2021-03-19;19:59:57;700;1880780406;bandung_dinkes;Dinas Kesehatan;;@Bandung_Dinkes melakukan pemberian dosis ke-2 vaksinasi Covid-19 kepada 239 pegawai Baltos, Jumat (19/03/2021). @ahyaniR13 @HumasBdg @baltosbdg @PRFMnews @infobdg  https://t.co/1CyG8pyyzd;in;[{'screen_name': 'ahyanir13', 'name': 'ahyani raksanagara', 'id': '1726873621'}, {'screen_name': 'baltosbdg', 'name': 'balubur town square', 'id': '607927003'}, {'screen_name': 'prfmnews', 'name': 'radio prfm 107,5 news channel', 'id': '150589950'}, {'screen_name': 'infobdg', 'name': 'bandung ᮘᮔ᮪ᮓᮥᮀ', 'id': '101494663'}];[];['https://pbs.twimg.com/media/Ew2AvX2VoAAbj-Q.jpg', 'https://pbs.twimg.com/media/Ew2Az5PVoAgi8ei.jpg', 'https://pbs.twimg.com/media/Ew2A3jrVIAU2LTf.jpg', 'https://pbs.twimg.com/media/Ew2A6ClVIAADGF4.jpg'];1;2;7;[];[];https://twitter.com/Bandung_Dinkes/status/1372895620600537096;False;;1;https://pbs.twimg.com/media/Ew2AvX2VoAAbj-Q.jpg;;;;;;;[];;;;
1372491716138135558;1372491716138135552;2021-03-18 17:14:59 SE Asia Standard Time;2021-03-18;17:14:59;700;1880780406;bandung_dinkes;Dinas Kesehatan;;@Bandung_Dinkes Melakukan Vaksinasi Covid-19 Massal kepada 230 Pegawai Mall di Hotel @Aryaduta, Kamis (18/03/2021). Para peserta vaksin wajib mendapatkan vaksinasi dosis kedua pada 1 April 2021 mendatang. @ahyaniR13 @HumasBdg @PRFMnews @infobdg  https://t.co/YbNVVxezG3;in;[{'screen_name': 'aryaduta', 'name': 'anwar yasin', 'id': '72055974'}, {'screen_name': 'ahyanir13', 'name': 'ahyani raksanagara', 'id': '1726873621'}, {'screen_name': 'prfmnews', 'name': 'radio prfm 107,5 news channel', 'id': '150589950'}, {'screen_name': 'infobdg', 'name': 'bandung ᮘᮔ᮪ᮓᮥᮀ', 'id': '101494663'}];[];['https://pbs.twimg.com/media/EwwQuw_VoAgLXKw.jpg', 'https://pbs.twimg.com/media/EwwQ35aVgAA2jt2.jpg', 'https://pbs.twimg.com/media/EwwQ8NtVEAAJGKE.jpg', 'https://pbs.twimg.com/media/EwwREliVgAM8tan.jpg'];1;1;4;[];[];https://twitter.com/Bandung_Dinkes/status/1372491716138135558;False;;1;https://pbs.twimg.com/media/EwwQuw_VoAgLXKw.jpg;;;;;;;[];;;;
1372377039945093120;1372112300589547520;2021-03-18 09:39:18 SE Asia Standard Time;2021-03-18;09:39:18;700;1880780406;bandung_dinkes;Dinas Kesehatan;;@PRFMnews @Devy_Sunarya Selamat pagi. Mohon abaikan informasi dari peduli lindungi karena kami tidak memakai data dari web tersebut. Untuk pendaftaran vaksin lansia silakan daftar di  https://t.co/9TUove30vZ atau ke Puskesmas terdekat untuk didaftarkan.;in;[];['http://bandung.kemkes.go.id'];[];1;1;0;[];[];https://twitter.com/Bandung_Dinkes/status/1372377039945093120;False;;0;;;;;;;;[{'screen_name': 'PRFMnews', 'name': 'Radio PRFM 107,5 News Channel', 'id': '150589950'}, {'screen_name': 'Devy_Sunarya', 'name': 'Devy Siswanty', 'id': '1372061402'}];;;;
1372180633187880962;1372180633187880960;2021-03-17 20:38:51 SE Asia Standard Time;2021-03-17;20:38:51;700;1880780406;bandung_dinkes;Dinas Kesehatan;;"@Bandung_Dinkes melakukan Vaksinasi Covid-19 Massal kpd 325 Pegawai Toko Ritel di Piset Square, Rabu (17/03). Kegiatan tsb terlaksana atas kerja sama @Bandung_Dinkes APRINDO, APPBI, Disdagin Kota Bandung, &amp; PKM Cijagra Lama. @ahyaniR13 @HumasBdg @disdagin_bdg @PRFMnews @infobdg  https://t.co/5FAX3YB1HO";in;[{'screen_name': 'bandung_dinkes', 'name': 'dinas kesehatan', 'id': '1880780406'}, {'screen_name': 'ahyanir13', 'name': 'ahyani raksanagara', 'id': '1726873621'}, {'screen_name': 'disdagin_bdg', 'name': 'disdagin bandung | #bandungnuurang209', 'id': '1874312300'}, {'screen_name': 'prfmnews', 'name': 'radio prfm 107,5 news channel', 'id': '150589950'}, {'screen_name': 'infobdg', 'name': 'bandung ᮘᮔ᮪ᮓᮥᮀ', 'id': '101494663'}];[];['https://pbs.twimg.com/media/Ewr2WF6VoAQuts5.jpg', 'https://pbs.twimg.com/media/Ewr2Z0_UYAEb0xq.jpg', 'https://pbs.twimg.com/media/Ewr2dbUVgA4NCJa.jpg', 'https://pbs.twimg.com/media/Ewr2fv5VIAEBjMC.jpg'];0;1;5;[];[];https://twitter.com/Bandung_Dinkes/status/1372180633187880962;False;;1;https://pbs.twimg.com/media/Ewr2WF6VoAQuts5.jpg;;;;;;;[];;;;
1372177112870756352;1372177112870756352;2021-03-17 20:24:52 SE Asia Standard Time;2021-03-17;20:24:52;700;1880780406;bandung_dinkes;Dinas Kesehatan;;@Bandung_Dinkes berkolaborasi dgn @GrabID melaksanakan vaksinasi massal hari ke-2 bagi 1.500 pengemudi ojek daring, Rabu (17/03/2021) di Area Sport Jabar. Wali kota Bandung @OdedMD meninjau langsung kegiatan tersebut. @ahyaniR13 @HumasBdg @DisbudparBdg @PRFMnews @infobdg  https://t.co/neNlngzTJf;in;[{'screen_name': 'grabid', 'name': 'grab indonesia', 'id': '2322081114'}, {'screen_name': 'odedmd', 'name': 'oded muhamad danial', 'id': '1319572040'}, {'screen_name': 'ahyanir13', 'name': 'ahyani raksanagara', 'id': '1726873621'}, {'screen_name': 'disbudparbdg', 'name': 'dinas kebudayaan dan pariwisata kota bandung', 'id': '1235137281595305986'}, {'screen_name': 'prfmnews', 'name': 'radio prfm 107,5 news channel', 'id': '150589950'}, {'screen_name': 'infobdg', 'name': 'bandung ᮘᮔ᮪ᮓᮥᮀ', 'id': '101494663'}];[];['https://pbs.twimg.com/media/EwryyOsVIAE1Ew6.jpg', 'https://pbs.twimg.com/media/Ewry7F9VoAQhx5q.jpg', 'https://pbs.twimg.com/media/EwrzER2U8AkxRF2.jpg', 'https://pbs.twimg.com/media/EwrzJZnUYAE1P6L.jpg'];1;0;5;[];[];https://twitter.com/Bandung_Dinkes/status/1372177112870756352;False;;1;https://pbs.twimg.com/media/EwryyOsVIAE1Ew6.jpg;;;;;;;[];;;;
1372172330328154112;1372172330328154112;2021-03-17 20:05:51 SE Asia Standard Time;2021-03-17;20:05:51;700;1880780406;bandung_dinkes;Dinas Kesehatan;;"@Bandung_Dinkes melaksanakan vaksinasi massal kpd Guru, Kader PKK serta tokoh agama, Rabu (17/03) di Hotel Karang Setra &amp; Cottages. Kegiatan tsb sukses memvaksinasi 1.300 orang &amp; wajib mendapatkan vaksinasi dosis ke-2 14 hari mendatang. @ahyaniR13 @HumasBdg @siti_odedMD @PRFMnews  https://t.co/AsO8vdtTUh";in;[{'screen_name': 'ahyanir13', 'name': 'ahyani raksanagara', 'id': '1726873621'}, {'screen_name': 'siti_odedmd', 'name': 'siti muntamah oded', 'id': '981296772'}, {'screen_name': 'prfmnews', 'name': 'radio prfm 107,5 news channel', 'id': '150589950'}];[];['https://pbs.twimg.com/media/Ewru3eMUYAAGPZx.jpg', 'https://pbs.twimg.com/media/Ewru85oUcAML71l.jpg', 'https://pbs.twimg.com/media/EwrvAQMU8AYCAk_.jpg', 'https://pbs.twimg.com/media/EwrvDsWVIAMpKsj.jpg'];0;0;3;[];[];https://twitter.com/Bandung_Dinkes/status/1372172330328154112;False;;1;https://pbs.twimg.com/media/Ewru3eMUYAAGPZx.jpg;;;;;;;[];;;;
1372031823065145352;1372031823065145344;2021-03-17 10:47:32 SE Asia Standard Time;2021-03-17;10:47:32;700;1880780406;bandung_dinkes;Dinas Kesehatan;;Wargi Bandung, ada yang baru nih!  Vaksinasi Drive Thru Lansia Keluarga UNPAD dengan KTP Kota Bandung.  Pendaftaran:  https://t.co/QFKGQaHPhd Narahubung: 0852-9484-8502 (Izmu Tamami Roza)  Yuk cek syarat pendaftarannya! @ahyaniR13 @HumasBdg @Ikaunpad @PRFMnews @infobdg  https://t.co/mapjPrJH0x;in;[{'screen_name': 'ahyanir13', 'name': 'ahyani raksanagara', 'id': '1726873621'}, {'screen_name': 'ikaunpad', 'name': 'ikaunpad', 'id': '304324172'}, {'screen_name': 'prfmnews', 'name': 'radio prfm 107,5 news channel', 'id': '150589950'}, {'screen_name': 'infobdg', 'name': 'bandung ᮘᮔ᮪ᮓᮥᮀ', 'id': '101494663'}];['http://bit.ly/VAKSINASI-IKA-UNPAD'];['https://pbs.twimg.com/media/EwpvYj9VoAAHVxp.jpg'];2;1;1;[];[];https://twitter.com/Bandung_Dinkes/status/1372031823065145352;False;;1;https://pbs.twimg.com/media/EwpvYj9VoAAHVxp.jpg;;;;;;;[];;;;
1372027012093648897;1372027012093648896;2021-03-17 10:28:25 SE Asia Standard Time;2021-03-17;10:28:25;700;1880780406;bandung_dinkes;Dinas Kesehatan;;Dokumentasi @Bandung_Dinkes  berkaloborasi dengan @GrabID  melaksanakan Vaksinasi Massal bagi 1.500 kepada pengemudi ojek daring, Selasa (16/03/2021) di Area Sport Jabar. @ahyaniR13 @HumasBdg @DiskominfoBdg @dishub_kotabdg @PRFMnews @SonataFM @infobdg  https://t.co/91H47V8QHC;in;[{'screen_name': 'bandung_dinkes', 'name': 'dinas kesehatan', 'id': '1880780406'}, {'screen_name': 'grabid', 'name': 'grab indonesia', 'id': '2322081114'}, {'screen_name': 'ahyanir13', 'name': 'ahyani raksanagara', 'id': '1726873621'}, {'screen_name': 'diskominfobdg', 'name': 'diskominfo kota bdg', 'id': '823828956117757953'}, {'screen_name': 'dishub_kotabdg', 'name': 'dinas perhubungan', 'id': '1883174162'}, {'screen_name': 'prfmnews', 'name': 'radio prfm 107,5 news channel', 'id': '150589950'}, {'screen_name': 'sonatafm', 'name': 'radiosonata 94 fm', 'id': '2227792021'}, {'screen_name': 'infobdg', 'name': 'bandung ᮘᮔ᮪ᮓᮥᮀ', 'id': '101494663'}];[];['https://pbs.twimg.com/media/Ewpq0cJVgAEo9td.jpg', 'https://pbs.twimg.com/media/Ewpq9i4UYAU0lTi.jpg', 'https://pbs.twimg.com/media/Ewpq9nPVkAIA1hd.jpg', 'https://pbs.twimg.com/media/Ewpq9rDUUAEy9S3.jpg'];0;1;1;[];[];https://twitter.com/Bandung_Dinkes/status/1372027012093648897;False;;1;https://pbs.twimg.com/media/Ewpq0cJVgAEo9td.jpg;;;;;;;[];;;;
1372024805847752712;1372024805847752704;2021-03-17 10:19:39 SE Asia Standard Time;2021-03-17;10:19:39;700;1880780406;bandung_dinkes;Dinas Kesehatan;;Dokumentasi @Bandung_Dinkes  menggelar vaksinasi massal kepada 1500 ASN di lingkungan Pemerintahan Kota Bandung, Selasa (16/03/2021) di Hotel Karang Setra dan Cottages. @ahyaniR13 @HumasBdg @PRFMnews @infobdg  https://t.co/WU9OejwbAm;in;[{'screen_name': 'bandung_dinkes', 'name': 'dinas kesehatan', 'id': '1880780406'}, {'screen_name': 'ahyanir13', 'name': 'ahyani raksanagara', 'id': '1726873621'}, {'screen_name': 'prfmnews', 'name': 'radio prfm 107,5 news channel', 'id': '150589950'}, {'screen_name': 'infobdg', 'name': 'bandung ᮘᮔ᮪ᮓᮥᮀ', 'id': '101494663'}];[];['https://pbs.twimg.com/media/Ewpo3DhUcAIKvFX.jpg', 'https://pbs.twimg.com/media/Ewpo_fSVgAEXeCr.jpg', 'https://pbs.twimg.com/media/EwppCfaVoAEPPEd.jpg', 'https://pbs.twimg.com/media/EwppFujVgAAS64r.jpg'];0;1;3;[];[];https://twitter.com/Bandung_Dinkes/status/1372024805847752712;False;;1;https://pbs.twimg.com/media/Ewpo3DhUcAIKvFX.jpg;;;;;;;[];;;;
1371813746218176521;1371813746218176512;2021-03-16 20:20:58 SE Asia Standard Time;2021-03-16;20:20:58;700;1880780406;bandung_dinkes;Dinas Kesehatan;;"Pelaksanaan Vaksinasi Covid-19 Massal Dosis ke-2 thd 264 ASN Kota Bandung oleh @Bandung_Dinkes, Selasa (16/03) di Ruang Tengah Balaikota. Kegiatan tsb diikuti juga oleh @kangyanamulyana, @DPRDKotaBandung serta para camat &amp; lurah se-Kota Bandung. @ahyaniR13 @HumasBdg @PRFMnews  https://t.co/XXUfLulNsQ";in;[{'screen_name': 'bandung_dinkes', 'name': 'dinas kesehatan', 'id': '1880780406'}, {'screen_name': 'kangyanamulyana', 'name': 'yana mulyana', 'id': '958158976260046848'}, {'screen_name': 'dprdkotabandung', 'name': 'dprd kota bandung', 'id': '240999774'}, {'screen_name': 'ahyanir13', 'name': 'ahyani raksanagara', 'id': '1726873621'}, {'screen_name': 'prfmnews', 'name': 'radio prfm 107,5 news channel', 'id': '150589950'}];[];['https://pbs.twimg.com/media/Ewmn9CLU8AIhDWR.jpg', 'https://pbs.twimg.com/media/EwmoDrkVkAEOWBZ.jpg', 'https://pbs.twimg.com/media/EwmoHeSVoAQ7HBR.jpg', 'https://pbs.twimg.com/media/EwmoJ0AUYAMIYcv.jpg'];0;1;3;[];[];https://twitter.com/Bandung_Dinkes/status/1371813746218176521;False;;1;https://pbs.twimg.com/media/Ewmn9CLU8AIhDWR.jpg;;;;;;;[];;;;
1371590753189654530;1371590753189654528;2021-03-16 05:34:53 SE Asia Standard Time;2021-03-16;05:34:53;700;1880780406;bandung_dinkes;Dinas Kesehatan;;Dokumentasi @Bandung_Dinkes berkaloborasi dgn Komunitas Masyarakat Peduli Tionghoa melaksanakan Vaksinasi Massal bagi 3.000 Lansia di Yayasan Dana Sosial Priangan (YDSP), Senin (15/03/2021). @ahyaniR13 @OdedMD @HumasBdg @PRFMnews @infobdg  https://t.co/bMEySzBINA;in;[{'screen_name': 'bandung_dinkes', 'name': 'dinas kesehatan', 'id': '1880780406'}, {'screen_name': 'ahyanir13', 'name': 'ahyani raksanagara', 'id': '1726873621'}, {'screen_name': 'odedmd', 'name': 'oded muhamad danial', 'id': '1319572040'}, {'screen_name': 'prfmnews', 'name': 'radio prfm 107,5 news channel', 'id': '150589950'}, {'screen_name': 'infobdg', 'name': 'bandung ᮘᮔ᮪ᮓᮥᮀ', 'id': '101494663'}];[];['https://pbs.twimg.com/media/EwjeGPaVIAI_C7o.jpg', 'https://pbs.twimg.com/media/EwjeI9aVgAEBDlu.jpg', 'https://pbs.twimg.com/media/EwjeMu-UYAUfqxg.jpg', 'https://pbs.twimg.com/media/EwjeO9tVoAM4xtA.jpg'];0;1;2;[];[];https://twitter.com/Bandung_Dinkes/status/1371590753189654530;False;;1;https://pbs.twimg.com/media/EwjeGPaVIAI_C7o.jpg;;;;;;;[];;;;
1370507831498043392;1370507831498043392;2021-03-13 05:51:44 SE Asia Standard Time;2021-03-13;05:51:44;700;1880780406;bandung_dinkes;Dinas Kesehatan;;Dokumentasi Pelaksanaan Gebyar Vaksin Covid-19 massal bagi pedagang di Pasar Kosambi, Jumat (12/03/2021). Sebanyak 150 pedagang mendapatkan vaksinasi dosis 1 dan akan mendapatkan vaksin dosis 2 pada 26 Maret 2021 mendatang. @ahyaniR13 @HumasBdg @kec_surban @PRFMnews @infobdg  https://t.co/pCOU3mImmB;in;[{'screen_name': 'ahyanir13', 'name': 'ahyani raksanagara', 'id': '1726873621'}, {'screen_name': 'kec_surban', 'name': 'kec. sumur bandung', 'id': '568154287'}, {'screen_name': 'prfmnews', 'name': 'radio prfm 107,5 news channel', 'id': '150589950'}, {'screen_name': 'infobdg', 'name': 'bandung ᮘᮔ᮪ᮓᮥᮀ', 'id': '101494663'}];[];['https://pbs.twimg.com/media/EwUEp97UcAAP0Ul.jpg', 'https://pbs.twimg.com/media/EwUExcqVIAAsfqq.jpg', 'https://pbs.twimg.com/media/EwUE1dgVEAIKTLy.jpg', 'https://pbs.twimg.com/media/EwUE89uVgAA9VqF.jpg'];1;1;2;[];[];https://twitter.com/Bandung_Dinkes/status/1370507831498043392;False;;1;https://pbs.twimg.com/media/EwUEp97UcAAP0Ul.jpg;;;;;;;[];;;;
1369899134082117635;1369899134082117632;2021-03-11 13:32:59 SE Asia Standard Time;2021-03-11;13:32:59;700;1880780406;bandung_dinkes;Dinas Kesehatan;;Wargi Bandung, bagi lansia yang belum mendapatkan vaksinasi covid-19 bisa ikut program @KemenkesRI kerja sama dengan @gooddoctorid dan @GrabID secara GRATIS selama vaksin tersedia. Khusus warga KOTA BANDUNG. Salam sehat! @ahyaniR13 @HumasBdg @PRFMnews @infobdg  https://t.co/40KiRMaRzG;in;[{'screen_name': 'kemenkesri', 'name': 'kemenkes ri', 'id': '161236190'}, {'screen_name': 'gooddoctorid', 'name': 'good doctor', 'id': '1189840851075158017'}, {'screen_name': 'grabid', 'name': 'grab indonesia', 'id': '2322081114'}, {'screen_name': 'ahyanir13', 'name': 'ahyani raksanagara', 'id': '1726873621'}, {'screen_name': 'prfmnews', 'name': 'radio prfm 107,5 news channel', 'id': '150589950'}, {'screen_name': 'infobdg', 'name': 'bandung ᮘᮔ᮪ᮓᮥᮀ', 'id': '101494663'}];[];['https://pbs.twimg.com/media/EwLbTSCVgAA6sdQ.jpg'];0;24;15;[];[];https://twitter.com/Bandung_Dinkes/status/1369899134082117635;False;;1;https://pbs.twimg.com/media/EwLbTSCVgAA6sdQ.jpg;;;;;;;[];;;;
1369852907831447553;1369852907831447552;2021-03-11 10:29:18 SE Asia Standard Time;2021-03-11;10:29:18;700;1880780406;bandung_dinkes;Dinas Kesehatan;;Dokumentasi Pelaksanaan Gebyar Vaksinasi Covid-19 Massal di Hotel Karangsetra, Rabu (10/03/2021). Sebanyak 800 guru TK, SD, dan SMP serta 400 pegawai institusi pusat yang berada di Kota Bandung mendapatkan vaksinasi dosis ke-1. @ahyaniR13 @HumasBdg @PRFMnews @infobdg  https://t.co/pAVEQLOqDS;in;[{'screen_name': 'ahyanir13', 'name': 'ahyani raksanagara', 'id': '1726873621'}, {'screen_name': 'prfmnews', 'name': 'radio prfm 107,5 news channel', 'id': '150589950'}, {'screen_name': 'infobdg', 'name': 'bandung ᮘᮔ᮪ᮓᮥᮀ', 'id': '101494663'}];[];['https://pbs.twimg.com/media/EwKxcoYUcAACVJ6.jpg', 'https://pbs.twimg.com/media/EwKxhcMUYAAvX-_.jpg', 'https://pbs.twimg.com/media/EwKxlqZUcAM_tod.jpg', 'https://pbs.twimg.com/media/EwKxpHLUUAQ5dhu.jpg'];0;0;1;[];[];https://twitter.com/Bandung_Dinkes/status/1369852907831447553;False;;1;https://pbs.twimg.com/media/EwKxcoYUcAACVJ6.jpg;;;;;;;[];;;;
1369851052430823427;1369851052430823424;2021-03-11 10:21:56 SE Asia Standard Time;2021-03-11;10:21:56;700;1880780406;bandung_dinkes;Dinas Kesehatan;;"Dokumentasi Pelaksanaan Gebyar Vaksinasi Covid-19 Massal di @grand_kepatihan  Kepatihan bagi 300 pegawai @info_yogyagroup, Selasa (09/03). Peserta vaksinasi mendapatkan vaksin dosis 1 &amp; wajib mendapatkan vaksinasi dosis 2 setelah 14 hari. @ahyaniR13 @HumasBdg @PRFMnews @infobdg  https://t.co/i4fih9tzqd";in;[{'screen_name': 'grand_kepatihan', 'name': 'yogya kepatihan', 'id': '824719682'}, {'screen_name': 'info_yogyagroup', 'name': 'info_yogyagroup', 'id': '1021100742'}, {'screen_name': 'ahyanir13', 'name': 'ahyani raksanagara', 'id': '1726873621'}, {'screen_name': 'prfmnews', 'name': 'radio prfm 107,5 news channel', 'id': '150589950'}, {'screen_name': 'infobdg', 'name': 'bandung ᮘᮔ᮪ᮓᮥᮀ', 'id': '101494663'}];[];['https://pbs.twimg.com/media/EwKvp_aVkAQlt-e.jpg', 'https://pbs.twimg.com/media/EwKv1GrUYAEEDTV.jpg', 'https://pbs.twimg.com/media/EwKv1KYVgAAOqTu.jpg', 'https://pbs.twimg.com/media/EwKv1PRVgAAtqsB.jpg'];0;0;0;[];[];https://twitter.com/Bandung_Dinkes/status/1369851052430823427;False;;1;https://pbs.twimg.com/media/EwKvp_aVkAQlt-e.jpg;;;;;;;[];;;;
1369562567278960644;1369562567278960640;2021-03-10 15:15:35 SE Asia Standard Time;2021-03-10;15:15:35;700;1880780406;bandung_dinkes;Dinas Kesehatan;;Dokumentasi @Bandung_Dinkes  mengadakan Gebyar Vaksinasi Covid-19 Massal bagi Pelayanan publik, Selasa (09/03) di Hotel El-Royal Bandung. Kegiatan tsb sukses memvaksinasi 1.100 Pelayan publik. @ahyaniR13 @HumasBdg @DiskominfoBdg @PRFMnews @SonataFM  https://t.co/eJwGsMP0Zm;in;[{'screen_name': 'bandung_dinkes', 'name': 'dinas kesehatan', 'id': '1880780406'}, {'screen_name': 'ahyanir13', 'name': 'ahyani raksanagara', 'id': '1726873621'}, {'screen_name': 'diskominfobdg', 'name': 'diskominfo kota bdg', 'id': '823828956117757953'}, {'screen_name': 'prfmnews', 'name': 'radio prfm 107,5 news channel', 'id': '150589950'}, {'screen_name': 'sonatafm', 'name': 'radiosonata 94 fm', 'id': '2227792021'}];[];['https://pbs.twimg.com/media/EwGoe8dUUAAUtlG.jpg', 'https://pbs.twimg.com/media/EwGoprDU8AUlPBy.jpg', 'https://pbs.twimg.com/media/EwGovPpU8AMKELm.jpg', 'https://pbs.twimg.com/media/EwGo0RpUUAQkuUn.jpg'];0;0;0;[];[];https://twitter.com/Bandung_Dinkes/status/1369562567278960644;False;;1;https://pbs.twimg.com/media/EwGoe8dUUAAUtlG.jpg;;;;;;;[];;;;
1367088894236262402;1367088894236262400;2021-03-03 19:26:06 SE Asia Standard Time;2021-03-03;19:26:06;700;1880780406;bandung_dinkes;Dinas Kesehatan;;@Bandung_Dinkes mengadakan Gebyar Vaksinasi Covid-19 Massal bagi Pedagang Pasar Modern di 23 Paskal, Rabu (03/03/2021). Kegiatan tersebut sukses memvaksinasi 200 pedagang pasar modern (mall). @ahyaniR13 @HumasBdg @disdagin_bdg @23Paskal @PRFMnews @infobdg @SonataFM  https://t.co/3tFIZYFwJx;in;[{'screen_name': 'ahyanir13', 'name': 'ahyani raksanagara', 'id': '1726873621'}, {'screen_name': 'disdagin_bdg', 'name': 'disdagin bandung | #bandungnuurang209', 'id': '1874312300'}, {'screen_name': '23paskal', 'name': '23 paskal', 'id': '744812807091195904'}, {'screen_name': 'prfmnews', 'name': 'radio prfm 107,5 news channel', 'id': '150589950'}, {'screen_name': 'infobdg', 'name': 'bandung ᮘᮔ᮪ᮓᮥᮀ', 'id': '101494663'}, {'screen_name': 'sonatafm', 'name': 'radiosonata 94 fm', 'id': '2227792021'}];[];['https://pbs.twimg.com/media/Evje1c7VEAIGpGz.jpg', 'https://pbs.twimg.com/media/Evje9m6UYAIfE4S.jpg', 'https://pbs.twimg.com/media/EvjfDcbUYAQuRvQ.jpg', 'https://pbs.twimg.com/media/EvjfGEhU4AsBGPm.jpg'];0;1;3;[];[];https://twitter.com/Bandung_Dinkes/status/1367088894236262402;False;;1;https://pbs.twimg.com/media/Evje1c7VEAIGpGz.jpg;;;;;;;[];;;;
1366725322566082563;1366725322566082560;2021-03-02 19:21:24 SE Asia Standard Time;2021-03-02;19:21:24;700;1880780406;bandung_dinkes;Dinas Kesehatan;;@Bandung_Dinkes melakukan vaksinasi covid-19 secara massal thd 350 pelayan publik Pemkot Bandung, Selasa (02/03/2021) di Ruang tengah Balaikota. @ahyaniR13 @HumasBdg @DiskominfoBdg @PRFMnews @SonataFM @infobdg  https://t.co/ODY1b42R5d;in;[{'screen_name': 'ahyanir13', 'name': 'ahyani raksanagara', 'id': '1726873621'}, {'screen_name': 'diskominfobdg', 'name': 'diskominfo kota bdg', 'id': '823828956117757953'}, {'screen_name': 'prfmnews', 'name': 'radio prfm 107,5 news channel', 'id': '150589950'}, {'screen_name': 'sonatafm', 'name': 'radiosonata 94 fm', 'id': '2227792021'}, {'screen_name': 'infobdg', 'name': 'bandung ᮘᮔ᮪ᮓᮥᮀ', 'id': '101494663'}];[];['https://pbs.twimg.com/media/EveUynrUYAI_DeK.jpg', 'https://pbs.twimg.com/media/EveU3y5VoAEAzbN.jpg', 'https://pbs.twimg.com/media/EveU7XDVkAEt190.jpg', 'https://pbs.twimg.com/media/EveVBdvUUAEZVke.jpg'];0;1;1;[];[];https://twitter.com/Bandung_Dinkes/status/1366725322566082563;False;;1;https://pbs.twimg.com/media/EveUynrUYAI_DeK.jpg;;;;;;;[];;;;
1366280874958839808;1365499186553122816;2021-03-01 13:55:19 SE Asia Standard Time;2021-03-01;13:55:19;700;1880780406;bandung_dinkes;Dinas Kesehatan;;@PRFMnews @Fadjar1804 Selamat siang. Mohon informasi vaksin apa yang dimaksud? Jika terkait vaksin covid tidak ada yang mandiri;in;[];[];[];0;0;0;[];[];https://twitter.com/Bandung_Dinkes/status/1366280874958839808;False;;0;;;;;;;;[{'screen_name': 'PRFMnews', 'name': 'Radio PRFM 107,5 News Channel', 'id': '150589950'}, {'screen_name': 'Fadjar1804', 'name': 'Fadjar', 'id': '235597169'}];;;;
1365648151533654020;1365648151533654016;2021-02-27 20:01:06 SE Asia Standard Time;2021-02-27;20:01:06;700;1880780406;bandung_dinkes;Dinas Kesehatan;;@Bandung_Dinkes melakukan Gebyar Vaksinasi Covid-19 bg Pedagang Pasar Sederhana Kota BDG, Sabtu (27/02). Kegiatan tsb menargetkan 200 pedagang utk divaksinasi yg akan disusul dgn pemberian vaksinasi kpd para pedagang di pasar lainnya. @ahyaniR13 @HumasBdg @PRFMnews @infobdg  https://t.co/Ouhb5su6lV;in;[{'screen_name': 'ahyanir13', 'name': 'ahyani raksanagara', 'id': '1726873621'}, {'screen_name': 'prfmnews', 'name': 'radio prfm 107,5 news channel', 'id': '150589950'}, {'screen_name': 'infobdg', 'name': 'bandung ᮘᮔ᮪ᮓᮥᮀ', 'id': '101494663'}];[];['https://pbs.twimg.com/media/EvPAo_KVoAcDeJj.jpg', 'https://pbs.twimg.com/media/EvPA03KVcAIXDB5.jpg', 'https://pbs.twimg.com/media/EvPA06BVkAET5zQ.jpg', 'https://pbs.twimg.com/media/EvPA0-FVoAEJRPW.jpg'];1;1;2;[];[];https://twitter.com/Bandung_Dinkes/status/1365648151533654020;False;;1;https://pbs.twimg.com/media/EvPAo_KVoAcDeJj.jpg;;;;;;;[];;;;
1365183801026994176;1365183801026994176;2021-02-26 13:15:56 SE Asia Standard Time;2021-02-26;13:15:56;700;1880780406;bandung_dinkes;Dinas Kesehatan;;Pelaksanaan Vaksinasi Covid-19 kpd Lansia di RS Al-Islam, Jumat (26/11). Sebanyak 36 lansia mendapatkan vaksinasi. Pd kegiatan tsb, Kabid P2P @Bandung_Dinkes, Rosye A. serta Dirut @rsai_bdg , Muhammad Iqbal ikut meninjau langsung. @ahyaniR13 @HumasBdg @PRFMnews @infobdg  https://t.co/iPn1SALxqR;in;[{'screen_name': 'bandung_dinkes', 'name': 'dinas kesehatan', 'id': '1880780406'}, {'screen_name': 'rsai_bdg', 'name': 'rs al-islam bandung', 'id': '1279783488'}, {'screen_name': 'ahyanir13', 'name': 'ahyani raksanagara', 'id': '1726873621'}, {'screen_name': 'prfmnews', 'name': 'radio prfm 107,5 news channel', 'id': '150589950'}, {'screen_name': 'infobdg', 'name': 'bandung ᮘᮔ᮪ᮓᮥᮀ', 'id': '101494663'}];[];['https://pbs.twimg.com/media/EvIas-WUUAAz9AD.jpg', 'https://pbs.twimg.com/media/EvIaxwUUUAUmSV0.jpg', 'https://pbs.twimg.com/media/EvIa0X3UUAAUq-1.jpg', 'https://pbs.twimg.com/media/EvIa4qnVoAYbZLD.jpg'];3;3;2;[];[];https://twitter.com/Bandung_Dinkes/status/1365183801026994176;False;;1;https://pbs.twimg.com/media/EvIas-WUUAAz9AD.jpg;;;;;;;[];;;;
1364859486901473280;1364859486901473280;2021-02-25 15:47:14 SE Asia Standard Time;2021-02-25;15:47:14;700;1880780406;bandung_dinkes;Dinas Kesehatan;;"Seksi Farmalkes @Bandung_Dinkes membagikan 7840 vial vaksin Covid-19 Tahap ke-2 kpd 184 faskes di Kota Bandung, Kamis (25/02). Sebanyak 80 puskesmas, 35 RS, 59 klinik, &amp; 9 pos vaksinasi puskesmas di Kota BDG sudah mendapatkan vaksin tsb. @ahyaniR13 @HumasBdg @PRFMnews @infobdg  https://t.co/oPcM1ErezP";in;[{'screen_name': 'bandung_dinkes', 'name': 'dinas kesehatan', 'id': '1880780406'}, {'screen_name': 'ahyanir13', 'name': 'ahyani raksanagara', 'id': '1726873621'}, {'screen_name': 'prfmnews', 'name': 'radio prfm 107,5 news channel', 'id': '150589950'}, {'screen_name': 'infobdg', 'name': 'bandung ᮘᮔ᮪ᮓᮥᮀ', 'id': '101494663'}];[];['https://pbs.twimg.com/media/EvDzPRvVgAIdNUn.jpg', 'https://pbs.twimg.com/media/EvDzaBfUcAg5Gen.jpg', 'https://pbs.twimg.com/media/EvDzaFzVgAEKD0H.jpg', 'https://pbs.twimg.com/media/EvDzaI_VEAQOgav.jpg'];1;2;2;[];[];https://twitter.com/Bandung_Dinkes/status/1364859486901473280;False;;1;https://pbs.twimg.com/media/EvDzPRvVgAIdNUn.jpg;;;;;;;[];;;;
1364177800974852098;1364177800974852096;2021-02-23 18:38:27 SE Asia Standard Time;2021-02-23;18:38:27;700;1880780406;bandung_dinkes;Dinas Kesehatan;;Penerimaan Vaksin Covid-19 Tahap 2 dr @KemenkesRI melalui @diskesjabar oleh Seksi Farmalkes @Bandung_Dinkes, Selasa (23/02). Sebanyak 7.840 vial vaksin siap didistribusikan ke Puskesmas se-Kota Bandung mulai Rabu (24/02). @ahyaniR13 @HumasBdg @PRFMnews @SonataFM @infobdg  https://t.co/5NYPQyzOIJ;in;[{'screen_name': 'kemenkesri', 'name': 'kemenkes ri', 'id': '161236190'}, {'screen_name': 'diskesjabar', 'name': 'dinkes jabar | #tidakmudiktidakpiknik', 'id': '1963724934'}, {'screen_name': 'bandung_dinkes', 'name': 'dinas kesehatan', 'id': '1880780406'}, {'screen_name': 'ahyanir13', 'name': 'ahyani raksanagara', 'id': '1726873621'}, {'screen_name': 'prfmnews', 'name': 'radio prfm 107,5 news channel', 'id': '150589950'}, {'screen_name': 'sonatafm', 'name': 'radiosonata 94 fm', 'id': '2227792021'}, {'screen_name': 'infobdg', 'name': 'bandung ᮘᮔ᮪ᮓᮥᮀ', 'id': '101494663'}];[];['https://pbs.twimg.com/media/Eu6HznvVgAAmdtk.jpg', 'https://pbs.twimg.com/media/Eu6H3-OVcAMOPFy.jpg', 'https://pbs.twimg.com/media/Eu6H7lsVEAIwzBe.jpg', 'https://pbs.twimg.com/media/Eu6H90TUcAAUO2J.jpg'];2;2;10;[];[];https://twitter.com/Bandung_Dinkes/status/1364177800974852098;False;;1;https://pbs.twimg.com/media/Eu6HznvVgAAmdtk.jpg;;;;;;;[];;;;
1362209107311169540;1361985568293330944;2021-02-18 08:15:34 SE Asia Standard Time;2021-02-18;08:15:34;700;1880780406;bandung_dinkes;Dinas Kesehatan;;@PRFMnews @mohamadnurjamal Selamat pagi. Vaksinasi dilakukan di fasilitas kesehatan seperti Puskesmas/RS;in;[];[];[];1;0;0;[];[];https://twitter.com/Bandung_Dinkes/status/1362209107311169540;False;;0;;;;;;;;[{'screen_name': 'PRFMnews', 'name': 'Radio PRFM 107,5 News Channel', 'id': '150589950'}, {'screen_name': 'mohamadnurjamal', 'name': 'Mohamad Nurjamal', 'id': '252933999'}];;;;
1361238933493796864;1361238933493796864;2021-02-15 16:00:26 SE Asia Standard Time;2021-02-15;16:00:26;700;1880780406;bandung_dinkes;Dinas Kesehatan;;Dokumentasi Pelaksanaan Vaksinasi Covid-19 Dosis ke-2 bagi Pegawai di Lingkungan Dinas Kesehatan Kota Bandung, Senin (15/02/2021) di Aula Atas Dinas Kesehatan Kota Bandung. @ahyaniR13 @HumasBdg @SonataFM @PRFMnews @infobdg  https://t.co/bOBOvKQLmg;in;[{'screen_name': 'ahyanir13', 'name': 'ahyani raksanagara', 'id': '1726873621'}, {'screen_name': 'sonatafm', 'name': 'radiosonata 94 fm', 'id': '2227792021'}, {'screen_name': 'prfmnews', 'name': 'radio prfm 107,5 news channel', 'id': '150589950'}, {'screen_name': 'infobdg', 'name': 'bandung ᮘᮔ᮪ᮓᮥᮀ', 'id': '101494663'}];[];['https://pbs.twimg.com/media/EuQXQawUUAkfcxh.jpg', 'https://pbs.twimg.com/media/EuQXXPFVEAQRFzB.jpg', 'https://pbs.twimg.com/media/EuQXXQGVoAER85d.jpg', 'https://pbs.twimg.com/media/EuQXXTvVEAIA2Z0.jpg'];1;2;1;[];[];https://twitter.com/Bandung_Dinkes/status/1361238933493796864;False;;1;https://pbs.twimg.com/media/EuQXQawUUAkfcxh.jpg;;;;;;;[];;;;
1373398774781911040;1373096752652292096;2021-03-21 05:19:19 SE Asia Standard Time;2021-03-21;05:19:19;700;924280674797809664;mamiy62;Mami62;;@FirzaHusain Insya Allah....smg vaksin lancar utk semua  Sehaaattt2 semua....  Smg bisa mudik dgn nyaman. Tetep dgn prokes yg baik n benar;in;[];[];[];0;1;2;[];[];https://twitter.com/MamiY62/status/1373398774781911040;False;;0;;;;;;;;[{'screen_name': 'FirzaHusain', 'name': 'Firza Husain', 'id': '816805902804099072'}];;;;
1372781857796853760;1372779464787042304;2021-03-19 12:27:54 SE Asia Standard Time;2021-03-19;12:27:54;700;924280674797809664;mamiy62;Mami62;;@jokowi Alhamdulillah....lancar n smg cepat di vaksin semuanya. Sehaaaattt semua....;in;[];[];[];0;0;0;[];[];https://twitter.com/MamiY62/status/1372781857796853760;False;;0;;;;;;;;[{'screen_name': 'jokowi', 'name': 'Joko Widodo', 'id': '366987179'}];;;;
