tweet_id;username;likes;retweet
1349250745103573000;visitortwt1;;
1347880787400478700;visitortwt1;;
1334517826544148500;visitortwt1;;
1334069664981237800;visitortwt1;;
1327051007323377700;visitortwt1;;
1326801702318583800;visitortwt1;;
1311111913225379800;visitortwt1;;
1353836542415024000;adalahiu;;
1353302167000498200;adalahiu;;
1353204559150112800;adalahiu;;
1352046210593349600;adalahiu;;
1351036165311385600;adalahiu;;
1350418988627443700;adalahiu;;
1350254675019198500;adalahiu;;
1350066146544738300;adalahiu;;
1348973540171608000;adalahiu;;
1348817491284291600;adalahiu;;
1348812744686899200;adalahiu;;
1348811232392794000;adalahiu;;
1348284257001635800;adalahiu;;
1348280038592966700;adalahiu;;
1348274192798470100;adalahiu;;
1348240138472603600;adalahiu;;
1348176559073423400;adalahiu;;
1348175797417349000;adalahiu;;
1348072747813929000;adalahiu;;
1345328137828089900;adalahiu;;
1344494610370887700;adalahiu;;
1342094961420845000;adalahiu;;
1340447297155588000;adalahiu;;
1340071884512133000;adalahiu;;
1339816098099650600;adalahiu;;
1339778075454673000;adalahiu;;
1339761098031915000;adalahiu;;
1339739828225626000;adalahiu;;
1339472345329647600;adalahiu;;
1339460988639187000;adalahiu;;
1339193909658800000;adalahiu;;
1339131911684276200;adalahiu;;
1339078302821011500;adalahiu;;
1338729482534834200;adalahiu;;
1338128813046157300;adalahiu;;
1337947868896895000;adalahiu;;
1334168759422963700;adalahiu;;
1330320312295170000;adalahiu;;
1329624890798837800;adalahiu;;
1325998278350000000;adalahiu;;
1311592429515014100;adalahiu;;
1302630478030073900;adalahiu;;
1302105326548709400;adalahiu;;
1301924810998427600;adalahiu;;
1300454110580207600;adalahiu;;
1299173805722538000;adalahiu;;
1296990734193528800;adalahiu;;
1296685761379463200;adalahiu;;
1295937205978804200;adalahiu;;
1293726794680418300;adalahiu;;
1293469003793358800;adalahiu;;
1290505080391704600;adalahiu;;
1348751920312307700;sibokongbesi;;
1337585262604345300;sibokongbesi;;
1336919183079002000;sibokongbesi;;
1303918969632424000;sibokongbesi;;
1348873938797883400;kavindraoemar;;
1348523419164319700;kavindraoemar;;
1349325536405778400;ayon64475025;;
1346436724696567800;ayon64475025;;
1340889558326497300;ayon64475025;;
1339926972466524200;ayon64475025;;
1339591562863362000;ayon64475025;;
1335770308867809300;ayon64475025;;
1329336673067364400;ayon64475025;;
1302455694881251300;abdulaye_jibril;;
1355599159911469000;radioelshinta;;
1355583362824425500;radioelshinta;;
1355563474693226500;radioelshinta;;
1355547312513118200;radioelshinta;;
1355518881134235600;radioelshinta;;
1355514351269027800;radioelshinta;;
1355445168019697700;radioelshinta;;
1355408726673375200;radioelshinta;;
1355393930993442800;radioelshinta;;
1355348890350829600;radioelshinta;;
1355095452920635400;radioelshinta;;
1355079321279291400;radioelshinta;;
1355079006677160000;radioelshinta;;
1355065492877107200;radioelshinta;;
1354992838518292500;radioelshinta;;
1354975876690022400;radioelshinta;;
1354974129103851500;radioelshinta;;
1354974015958306800;radioelshinta;;
1354911377375170600;radioelshinta;;
1354759287201960000;radioelshinta;;
1354683373147414500;radioelshinta;;
1354667813332344800;radioelshinta;;
1354654898550313000;radioelshinta;;
1354624352864456700;radioelshinta;;
1354621764098171000;radioelshinta;;
1354614787099922400;radioelshinta;;
1354470986691735600;radioelshinta;;
1354467768230273000;radioelshinta;;
1354455340650098700;radioelshinta;;
1354454441383010300;radioelshinta;;
1354431717440942000;radioelshinta;;
1354428541748666400;radioelshinta;;
1354414101867335700;radioelshinta;;
1354348260027027500;radioelshinta;;
1354290948075704300;radioelshinta;;
1354281358625960000;radioelshinta;;
1354279455418507300;radioelshinta;;
1354271070354739200;radioelshinta;;
1354242257923186700;radioelshinta;;
1354240370217902000;radioelshinta;;
1354148363306848300;radioelshinta;;
1354042608666824700;radioelshinta;;
1354039137389539300;radioelshinta;BangRoose,menaramslestari;
1354037286741053400;radioelshinta;;
1354028255196549000;radioelshinta;;
1354023841710755800;radioelshinta;KemenkesRI,l3na_l3na;
1353984775980085200;radioelshinta;alambanten;Info_dari_Anda
1353969463637360600;radioelshinta;alambanten,paulotambunan;
1353949965488320500;radioelshinta;;
1353934815628726300;radioelshinta;faqihemas88,iank_2000,l3na_l3na;iank_2000
1353929357350191000;radioelshinta;MultiTrimurti,OniYansyah,HaniAnya,l3na_l3na,Ismu2872,parsib76,anasmbelink,arthrw_;BeritaSUKOHARJO
1353862369357697000;radioelshinta;turunBuyutKarti,endro,dekabadai_28,edtheluck,Birong97994775,haris_haris67,AtmajaGinanjar;edtheluck,Sitoneizer,untung_89,cukic_jaklunik
1353809366802198500;radioelshinta;;
1353774480535867400;radioelshinta;;ElshintaTegal_
1353752236862492700;radioelshinta;;
1353736905511211000;radioelshinta;SweetBlackpool;SweetBlackpool,ElshintaTegal_
1353588401795068000;radioelshinta;kang_tarom,sebastio_gie;kang_tarom
1353574208639389700;radioelshinta;jwdijiwa;
1353556912642486300;radioelshinta;;
1353556663257579500;radioelshinta;Putra2552000,1717Fifin,mursalin_saleh,l3na_l3na,anasmbelink;ElshintaTegal_
1353530849778495500;radioelshinta;Kribbo3;
1353530781843431400;radioelshinta;Ap11583778,fransisko_xl;
1353530683428200400;radioelshinta;joenayy1,bpbdkabpolman,fransisko_xl,LaporGub_,bpbd_grobogan,bowo13v;FitRadioBandung,marlenayyyy,sinjahreem,ElshintaTegal_,bpbd_grobogan,k035
1353527519639597000;radioelshinta;anasmbelink,AgusRiy89630858;
1353499933790228500;radioelshinta;turunBuyutKarti;
1353313503071793200;radioelshinta;penanida,Karsun18347379,CideeRiesta,wcxsgj,Giyanto96344775,gatotrifai;youliyoud,darmalikSe,adepedia,heryantiayu,Bunshinkai,gatotrifai
1353295214719320000;radioelshinta;;kopisusu86
1353281443984679000;radioelshinta;dwyt_farm,PraptoPinardi2;ElshintaTegal_
1353266249749254100;radioelshinta;dad_somantri,SoniMsi07,adebhule79,FMKBR1;FMKBR1
1353213372347519000;radioelshinta;karimamrullah82,sidikjj,agusmalik_siak,OniYansyah,Junaedi43581808,buhaburunghantu,polos_kucing,awak_yas;amarabyan,rizalkangitu,yunusbara71,Imociro,sofyardirahmat,ElshintaTegal_,faridariadno,meipri,polos_kucing,luc_dianawuri
1353162724205727700;radioelshinta;Lamolam06704729,Ap11583778,husainabdullah1,l3na_l3na;alambanten
1353151720419782700;radioelshinta;pejabat_teras,DedeATR;alambanten
1353124577530900500;radioelshinta;fikaosman;
1353083636296212500;radioelshinta;;
1353067107005517800;radioelshinta;IbnuHas79484949,ElTeuku;
1353050778198364200;radioelshinta;;AHYAR67116834
1353026137102798800;radioelshinta;dekabadai_28,xyz_azz,Ruslinkan;Wawangrunge1
1353015967991828500;radioelshinta;fiidoang,dekabadai_28,Fah_Juan,Mohamma28992919,raylubisa,merykristiani,adelinguist,Syaiful40039805;adelinguist,Mohamma28992919,dekabadai_28
1353013552181702700;radioelshinta;margo_siswadi;
1353008651292688400;radioelshinta;aulia7,rainy_rainyta08,Aprinadlestari,H4T14K4LN4L42,zacky_gh,IlhamRizaldi17,YooRashi,gzput15,agustinasusy254,tomyardiansyah2,LaporCovid,sunarwidjaja,movicgu,Markusli3;rainy_rainyta08,mygracepa,s_triwibowo,RECOVERADIO,elysaamiya
1352995504439894000;radioelshinta;;
1352992964012724200;radioelshinta;KemensetnegRI,RECOVERADIO,JandwikhaRahayu,akbar_sayuti,ZakiRifan,renyrivai,Patresya10;InfoWebinar1,resjarif17,JandwikhaRahayu,akbar_sayuti,renyrivai
1352971847986540500;radioelshinta;SulastryAjeng,22_ronytamala;m_mulyadi1453,PraptoPinardi2
1352965053599813600;radioelshinta;weddie_s,karmilayaska,ThomasHarianto4;Ruben85670493,ElshintaTegal_
1352932700848492500;radioelshinta;mby86,eswirosudiro;eswirosudiro
1352902065127710700;radioelshinta;feby_adistia,AliyudinRahman,shintaeffendi,RyanMochfardia5,widyarani2010,princedayats,Reyhan_15279,ADIDAYA86860604;putrimajapahit3,mygracepa,ArsipMedia,twitnya_jae,mydopamin
1352890222057382000;radioelshinta;;
1352883867858817000;radioelshinta;malil638,MartinParlindu1;
1352881545070035000;radioelshinta;wasiman45,alambanten,SorbanPaliid;wasiman45,SorbanPaliid
1352856672092319700;radioelshinta;syukurherman_,aprillia_kp;
1352834825602748400;radioelshinta;Santi_awat;
1352834754219888600;radioelshinta;jamiljayamahe;
1352817567778312200;radioelshinta;tmpaijhon,gunawanwandi;
1352604199196872700;radioelshinta;;
1352596178567786500;radioelshinta;;
1352592227671785500;radioelshinta;MRifkiannas,turunBuyutKarti,cage73,suryaamriza,l3na_l3na,sutrisnoam;GoTotheJek,MakaroniPonkel
1352532567367454700;radioelshinta;myonlylove2427,DestiMelliana;
1352530424749154300;radioelshinta;LJhon86,TrisnoAe6;percayaNgl,tanhar_tma
1352505112820760600;radioelshinta;AnakBabeGw,Aa_Goens,Nia_Andhika;AnakBabeGw
1352469621870260200;radioelshinta;noriceandsugar,____marimars,Gunawan_SE2230;TriyonoInfect,baqeq00k,er_wannn,munfarikhaaas
1352391374490923000;radioelshinta;hiskya_sebayang,JawaraRobi,Iyo_mataram,Wong_Djawi,MULYADI06402059,SmileSiti,anasmbelink,hermantosusant9,Cinderrsela;JawaraRobi,PutraWadapi,Taufiksomalua
1352282358779576300;radioelshinta;Nursalsyofyan,ridone135;
1352270477335531500;radioelshinta;sidikjj,rayvieralaxmana,shintaeffendi,riyoajah;shintaeffendi,BagusRTNews
1352203931930091500;radioelshinta;kopibubukhitam,Wong_Djawi,NIEKEAUGUSTINA;
1352200263918973000;radioelshinta;;
1352192196020060200;radioelshinta;;
1352182396230140000;radioelshinta;f123di3,SulastryAjeng,yud_iii,KenArok_07,faydanks,AnakBabeGw,affendi90072188;yud_iii,AnakBabeGw,movicgu
1352176981173960700;radioelshinta;AnakBabeGw;AnakBabeGw,justbob616
1352173631346864000;radioelshinta;bpriady,Abindi2;
1352070075625324500;radioelshinta;;
1352069563093971000;radioelshinta;Ismu2872,l3na_l3na;
1351896009274650600;radioelshinta;Dellealp1,Dave_791985,Anggri25064168,Jatmiko79011730,shintaeffendi,errisubakti,BudiPra87870630,99Lidhe,Hendra89643049,benoq10,anasmbelink,Japs187,okeaja39,meitidina,agussusilo789,TSabowo,RuslanAndy,5362ef23808f400,passivereader13,cydh_r,natalie_a_widya,herryplatae76,IntanFatiha7,miftahudagb,AtmadjaEranio,edorusia,Syaiful40039805,mistermisterNO,kopibubukhitam,stappkusut,mpokcity,dzulcs85,deaboy1,Mochalisafii3,dianaaaja,dinkdankdunk,nedi_sunaedi;DaniMaliq,hocchin,BagusRTNews,99Lidhe,ibudari3R,Ahmad49974454,johny2b,menaburKasih,trierodex,balangijo2020,salahsambungya,SantaPradana,PutraWadapi,IsmaeAja,firdamar34,AbolichdZ,edorusia,mistermisterNO,Psyche20202,deaboy1,elysaamiya,bhecex90,AnnaHally_
1351884862479757300;radioelshinta;turunBuyutKarti,H4T14K4LN4L42,AnthosAurora,Mohamma28992919,movicgu;
1351759654854881300;radioelshinta;ance_top,MusliminAhmadi,turunBuyutKarti,wong_sufi;ance_top
1351730505603977200;radioelshinta;abyanlakstian,alas_kurusetra,menaramslestari;amarrdn12,ROMDHONIWK,ElshintaTegal_
1351728387853746200;radioelshinta;Biano64,HAPOSANM,menaramslestari;alambaskoroke4,ElshintaBandung
1351706351362166800;radioelshinta;AkuHanyaKopi,H4T14K4LN4L42,adriynd;Himber_lakeA1,n4dini,ElshintaTegal_,IRULJANGKRIK
1351544767637643300;radioelshinta;anasmbelink,alambaskoroke4,DaniMaliq,Joannicho,asanenny87,prasetiandri,l3na_l3na,SejutaRasa5,haryonokhathe81,YogaNug38116780,zhinghui,shofimdm,NKurianto,Wachit5,billysmbring366;alambaskoroke4,adepedia,billysmbring366
1351512198690996200;radioelshinta;Derajatm;
1351487973376725000;radioelshinta;l3na_l3na;
1351467851824074800;radioelshinta;Muhammad_Amir_Y,fajar_ema;
1351464019043893200;radioelshinta;;
1351359707122790400;radioelshinta;Ruby_Irvan,MusonnifZ,Kairupaneric;Ruby_Irvan
1351148647698858000;radioelshinta;Mulyo84842879,mrdzaky20,MartinParlindu1;
1351137969986564000;radioelshinta;mursalin_saleh,Ydaryat,JoyoKarmo,Alagi757,mutajir_mohamat,YatnaRamadhan;
1351098330546319400;radioelshinta;;
1351029336216916000;radioelshinta;Firmansyahlepi;
1351029265568067600;radioelshinta;yuthaisme,ichaelza,haris_haris67;
1351029227521527800;radioelshinta;ichaelza,haris_haris67;
1351008866490855400;radioelshinta;johan_teruna,Kribbo3;
1350982672651333600;radioelshinta;hstjokrodikromo,hazelshortlee,aulia_yonantha,H4T14K4LN4L42,affendi90072188;Agha___
1350951891069493200;radioelshinta;gonkcil,l3na_l3na,Gunawan_SE2230,bindunada,joewitjak,NN38771815;d_nurhakim,Gunawan_SE2230
1350950571457589200;radioelshinta;Bhetsy_angel,prieska_,ambargedon,IndrIst,julistyan,SYeranto,dinociaorus,RosiRosdianah,aisyahamaliahh,erikeneddy,l3na_l3na,irmanataliya1,yohanwilyanto,yenniherlinagi2,ayuningtiasnov,dwyt_farm,Syaiful61641007,veenzy,odadinggnyateh,IlhamRizaldi17,yanamamakaren,dennylondok,dimcrut,UnayOkami,KemenkesRI,dfordoubleu,kec_kasihan,dfd31656973,newsplatter,billyedsn,bindunada,anxiety_got_me,SultonArief7;FitRadioBandung,gitaasastro,RECOVERADIO,orenbois,muhlisul,itaruchania,newsplatter,haijah_,meenachan,n4dini,SYeranto,julerocks
1350937499204522000;radioelshinta;rainy_rainyta08,Afit77,Ajifauzann,giazzOuell,Ahmad49974454,TaufikBasharif,yossifit,DamaiKopiku,Maiabundanaya,TiaraAstrina,FalNdaru,muslikhmadirejo,boy_alami,permakmasmin81,dekabadai_28,mygracepa,iyongpananjung1,Semut_Ibrahim_,danipurba79,nyilkonyil,haryonoagus073;atih_oshin,adityodigja,danipurba79,Bimasenna,Ahmad49974454,FalNdaru,n4dini,iyongpananjung1,haryonoagus073
1350905511051313200;radioelshinta;tomutomo,sentermalam,RizkyBangun3,SweetBlackpool,Ahmad49974454,Bloom9Daisy,feerzylant,papipapippum,LanangBebek,movicgu;SweetBlackpool,RizkyBangun3,Ahmad49974454,ElshintaTegal_,RECOVERADIO
1350830462466285600;radioelshinta;pinkpeacheu,malil638,DenySetiawan,asanenny87,harun471,SatriaAndryP;DenySetiawan
1350809748526952400;radioelshinta;aimidayat,itsnaini_alan,dr_Unil,hadisumarto,pepenindrasakti,AnthosAurora,HermanWibowo98,intanalyze,kanuhate,Anonyzt,asanenny87,BenyHaryanto5,VivianAmandara,ranraniew,anwarsaifulm,barryaje,CiciBania,harrybudiman17,Himber_lakeA1,Dame_Cynth1a,kaptenhelmy88,juandw28,drasidin,elysaamiya,luriahaha,HansKhoeBR,KharismaHegar,palma_punta,muamarsabim,aulia_yonantha,dh_4nie,SoegiyonoRetno,slametriyadi_88,Top69_man,reza_pratama26,surono_b;muhamma50067457,EdwarFeggy,MethaHerwandi,f_indryani,Rbesar___,momyrima,luriahaha,erwinpanggabean,Top69_man,aqratea,Arif_Bijksn,BeauTy_MiST,ghietmawaddah,h4850ro,faridariadno,syafrudin76,intanalyze
1350788280330055700;radioelshinta;;
1350749062857781200;radioelshinta;aryaputraramad6,gatotrifai;aryaputraramad6,moseno
1350708934345068500;radioelshinta;ichaelza,Nowhere143,MartinParlindu1;
1350636080987467800;radioelshinta;malil638;
1350635835952009200;radioelshinta;LAdhiansyah,malil638,enitarobentrop,affendi90072188,bindunada;LAdhiansyah,munfarikhaaas,dimassuryatmojo,ElshintaTegal_
1350632859208278000;radioelshinta;ezkraaa,Gunawan_SE2230,SatriaAndryP,NanaNovita30,MartinParlindu1;dimassuryatmojo
1350621115488497700;radioelshinta;gen987fm,anisairnaw,alambaskoroke4,riky_oge,MartinParlindu1;RECOVERADIO,Muslich_Leva,alambaskoroke4
1350615884474159000;radioelshinta;;ElshintaTegal_
1350614793686712300;radioelshinta;gandung_dan,SorbanPaliid;SorbanPaliid
1350614572072243200;radioelshinta;azhali_rina,Restu66441205;munfarikhaaas,Restu66441205
1350614496444772400;radioelshinta;JawaraRobi,ezkraaa,megdiiiii,wandy0612,andrew6586,justbob616,dearyunita,Restu66441205,Markowijaya,eriestoctavist;FitRadioBandung,JawaraRobi,ezkraaa,justbob616,Restu66441205,Markowijaya,munfarikhaaas,eriestoctavist
1350600336214380500;radioelshinta;farros22,yanamamakaren;DengRama
1350592437463310300;radioelshinta;sitarahmah,rosvalino,menaramslestari,syannastasja,wkelik;sitarahmah,ElshintaTegal_
1350590523615060000;radioelshinta;adjiesurjadji,KsSuparto,menaramslestari;adjiesurjadji,VeliKatuuk,BagusRTNews
1350438907792351200;radioelshinta;EkoFirman20,AgusSal38231282,BlangkonInside;
1350433785649643500;radioelshinta;mufaizah_siti,burungdara,Na_Aleeya;frikarashi,evereeze
1350369122211647500;radioelshinta;UjKomar,RayhanathayaR,SoniMsi07;munfarikhaaas
1350363600641118200;radioelshinta;dekabadai_28,affendi90072188,coretsajadeh;
1350271748885803000;radioelshinta;;
1350237461151039500;radioelshinta;anasmbelink,LaporCovid,l3na_l3na,adiyadi2300;
1350190931941621800;radioelshinta;Endahsu77659587;
1350190398870745000;radioelshinta;a_so3fyan,agil237;
1350189349376147500;radioelshinta;didikih82,laili_lalalaa,itsnaini_alan,anasmbelink,commuter_audio,530sph,ThomasA12253164,damara_agtika,_Adnan01_,agil237,komangantiii,Syaiful61641007,CitraLtd,SorbanPaliid,KemenkesRI,niachubby,alifiani_hikmah,feblar,eriestoctavist;elevenslay,tsaden3,IndonesiaMaputo,eriestoctavist,BagusRTNews,capekkerja,faiza_fahriz,dwieindah96,SorbanPaliid,commuter_audio,lutfiharahaap,ShelviYang,indoeaglemedia
1350183525308223500;radioelshinta;FionaSusanty,sweet_pipit,Marjun29_;sweet_pipit
1350148437430292500;radioelshinta;;
1350128512829517800;radioelshinta;kopibubukhitam;
1350107856113070000;radioelshinta;YennyErdhyta18,l3na_l3na;ihwanbakwan
1350075150205501400;radioelshinta;SoenDongYang,agung_karyanto;ElshintaTegal_
1350058501800751000;radioelshinta;Mr_Dupong;
1350022665168441300;radioelshinta;;
1350014223410073600;radioelshinta;anasmbelink,H4T14K4LN4L42,JawaraRobi,polos_kucing;JawaraRobi,polos_kucing,ElshintaTegal_
1349990539324653600;radioelshinta;Ipinmuach;
1349975037898461200;radioelshinta;DasrulChaniago,hstjokrodikromo,AnakBabeGw,willyamrhalf;b_dewanti,B_AG11
1349961393697538000;radioelshinta;;
1349953803248758800;radioelshinta;Arnoldmanueldi1,bindunada;
1349938430055121000;radioelshinta;;
1349927972598239200;radioelshinta;Nowhere143;
1349920643815358500;radioelshinta;anasmbelink,Nowhere143,lazalazharJteng,fiatclassic69;
1349895238081413000;radioelshinta;smile_guys,lumbaranja;intanalyze
1349892373568913400;radioelshinta;alambaskoroke4,aisnayn,ridwansutanto8,anjas_asyari1,dhinirahayu,kolonial_lokal,roe_roem,fierazor,kandardini,_NonaSari,rgoestama,Curaciru,rhinocerosandro,zurajuro,MustofaSmith,mmmeishka,Santri1922,cinnamongirlc,IanSaputro7,HangAkmal;muhamma50067457,alambaskoroke4,IanSalim,rhinocerosandro,MustofaSmith,henry_ogi,meawmommy,atheje,rezacasmita17,tongsengparu,HangAkmal,noja_zuhaidha,ElshintaTegal_,BeritaSUKOHARJO,RECOVERADIO,2satusembilan,ciungwanara59
1349830381940326400;radioelshinta;Rofiq6Rofiq,Kribbo3;
1349785854823313400;radioelshinta;maiwandiMWD,Rissaltj7,samoederaharapa,ChomoAljabar14;xxtw995,ElshintaTegal_
1349750268238258200;radioelshinta;anasmbelink,margo_siswadi;ElshintaTegal_
1349717181395685400;radioelshinta;1717Fifin,AnakBabeGw;bagaskorosudiro,AnakBabeGw
1349703619453456400;radioelshinta;Ibnusurya__,lidbahaweres,turunBuyutKarti,Fr_fny,bpriady,Afit77,shintaeffendi,leonartkoto,ranggadetria,anasmbelink,846o35,Tazzy0707,erwinaryadh,enkiu,5362ef23808f400,kandardini,malil638,muhnul123,lukyNUbandung,mygracepa,andrysyachroni,Syaiful40039805,kangbuday,donihadipurnomo;buldande,FitRadioBandung,AmarulYusron,akoemala,didy_40,bagaskorosudiro,JandwikhaRahayu,muhnul123,nurbachrudin1,Info_dari_Anda,lukyNUbandung,mygracepa,unagi_inuu,andrysyachroni,ElshintaTegal_,pipieto,sutrisnoam,RECOVERADIO,donihadipurnomo
1349699025117692000;radioelshinta;asanenny87,AnakBabeGw,randal_ps,anasmbelink,realprincetotty;AnakBabeGw,realprincetotty
1349676864499974100;radioelshinta;AnakBabeGw,l3na_l3na;AnakBabeGw
1349659581056602000;radioelshinta;ErmanShabriyant;
1349658491674263600;radioelshinta;ZZafaza,bindunada;
1349654643270291500;radioelshinta;ollamarolla,AnakBabeGw,Nashatra5;AnakBabeGw
1349652870937755600;radioelshinta;_GUNS__,Linasusanti2606,DhanyArief4,Arumi_lucu,TAUFIK_Macan,F_Arielansyah,burungdara,DiDieDoLpHiN,Ronix_Indo,bindunada,1997Viviek;
1349652639538004000;radioelshinta;ardionsyah,Linasusanti2606,just_onoy,Herman138,Arumi_lucu,asanenny87,bpriady,F_Arielansyah,l3na_l3na,agusdjohanch,burungdara,anggunbayuaji,bindunada,PrayogaArvan,bowo13v;
1349651755928174600;radioelshinta;;
1349650619540283400;radioelshinta;;
1349632800899547100;radioelshinta;NirwanM3;
1349629826315894800;radioelshinta;AnnisaKartika89,SutanMantari2,EWiyatno,gzput15,IbnMarwanIsmail,riyoajah,ndulski,yosunoku,ardiyantosecang,Ariani_Santoso,Wanna13160567,apilentera,asanenny87,Gunawan_SE2230,hardsgian,pakmuhyi,mutajir_mohamat,JudinG,MisterGesit,itseneng,YkdKu,tianjona,IlhamRizaldi17,enitarobentrop,LianaGaol,akbarun54411,dyasssh,treezana,aulia7,janvanessen23,fernando_nggln,handokoerwin,chris_chang09,Sugiart18350982,Lamolam06704729,HoliduhaZ,movicgu,Blue_oceanan;DaniMaliq,_fahmi19,anak_kampoen9,ndulski,PAKAIMASKERNYA,nuytarigan,Somaticpal,lolita_lolo,magnificent1899,Wanna13160567,FitRadioBandung,clearholder88,wan_tanpanama,FerensaOemry,pakmuhyi,mutajir_mohamat,EdwarFeggy,MisterGesit,rizalkangitu,dekabadai_28,vanterlude,IlhamRizaldi17,BertaDwita,setoarios,LianaGaol,oviolvb,eggsic,moh_jonatan,iisjuliarnowo,minogaku,chris_chang09,dwidjodito,danayaas
1349607296649764900;radioelshinta;AnakBabeGw;AnakBabeGw
1349580283960463400;radioelshinta;ichaelza,1975Ichwan;
1349573481235579000;radioelshinta;eko_parminto,aulia_yonantha;asmarsis
1349572366779617300;radioelshinta;malil638,Darmawan_bs,aulia_yonantha,ROMDHONIWK,setiawan067;teplokusumaa
1349540674354376700;radioelshinta;;
1349540454023381000;radioelshinta;anasmbelink,turunBuyutKarti,Attospamungkas1,yudho_316;
1349530840003346400;radioelshinta;dekabadai_28,CheemsdolDN,KsSuparto;
1349530644737519600;radioelshinta;dekabadai_28,Wela88885481,KsSuparto;dekabadai_28
1349512511683391500;radioelshinta;Nowhere143;
1349498702138798000;radioelshinta;macan1962;
1349467906644480000;radioelshinta;;ElshintaTegal_
1349421554958966800;radioelshinta;;MafrulRasyidi8,ElshintaTegal_
1349403484244770800;radioelshinta;margo_siswadi;
1349388858803196000;radioelshinta;;ElshintaTegal_
1349388502857773000;radioelshinta;;ElshintaTegal_
1349375316972564500;radioelshinta;marcelinogmail5;
1349375084775948300;radioelshinta;dekabadai_28,K4npu,Charles76168491,Cak_Udik;dekabadai_28
1349351551924539400;radioelshinta;asanenny87,1717Fifin,mufaizah_siti,firdamldy;alambaskoroke4
1349316706288586800;radioelshinta;AsshiddiqMabrur,Iyo_mataram,hendrali2001,145c131,asanenny87;
1349304060709507000;radioelshinta;lukmanalwahid;
1349303206011043800;radioelshinta;YouandI2706;
1349289875095261200;radioelshinta;Darmawan_bs,YSucipto92,DenyHalemun,Sidik12425832,n_jatilesmana,lukmanalwahid;
1349283698265362400;radioelshinta;;
1349282670170181600;radioelshinta;BLACKZILO,PennyChAdam,145c131,sutrisnoam,Krembangan1022;
1349274441880985600;radioelshinta;sutrisnoam,ypramudya;sutrisnoam
1349270664176308200;radioelshinta;PennyChAdam,percayaNgl,sutrisnoam,enjoyabiz,Bram_bgr,SatriaAndryP,Jioenk_Nizam;Bram_bgr,FitRadioBandung
1349267696580403200;radioelshinta;Syarikazahir05,todel_liot,alambaskoroke4,enny_endah,GamalieliGulo,hedamaheda,Deiva_AKS,anasmbelink,herwina1431,AchmadWiria;EdiBask10522335
1349260878625923000;radioelshinta;sutrisnoam,DaniMaliq,AdeNovit27;
1349244727619592200;radioelshinta;lamhotaritonan3,deynarazy,PurwadinataEsti,burungdara,elzaindra,riyoajah,tatanansuara,Somaticpal;
1349238408116277200;radioelshinta;anasmbelink,Mulyo84842879,fiatclassic69;
1349232590742376400;radioelshinta;Wasto_,SatriaAndryP,AmirSya85803606;Sitoneizer,ElshintaTegal_,Wasto_
1349230254284411000;radioelshinta;Iyo_mataram,PennyChAdam,percayaNgl,DwiMaskuri,robin_kev,alambanten,iamdinaraa_,realprincetotty;realprincetotty
1349217656625221600;radioelshinta;Arkan23866550,Nurdin37900087,Mulyo84842879;fadmala9
1349212410800791600;radioelshinta;ar_dentha,sutrisnoam;ar_dentha
1349209045899509800;radioelshinta;malil638,Darmawan_bs,EkoFirman20,Tiaharisanti_31,SMurtioso;momo_moow
1349200153735884800;radioelshinta;EdRuz;
1349200076455825400;radioelshinta;SulastryAjeng,Sumedi62965975,EdRuz,kepulauanjkt,anasmbelink;
1349195942189166600;radioelshinta;anasmbelink,alambanten,Kribbo3;
1349195819354710000;radioelshinta;alambanten,Kribbo3;
1349184200180519000;radioelshinta;;
1349180901448577000;radioelshinta;zaizaku,gausahgantozz,Sidik12425832,TrimoHarnanto9,redywanjames,KisoBagas,Nowhere143,ed_tirta,dubie_tina;zaizaku,senengangue,TrimoHarnanto9,redywanjames,ed_tirta,dubie_tina
1349174158517670000;radioelshinta;kuungkingkang,turunBuyutKarti,SeringanAwan,anggiatnambela,WildanAzam5,deniz_bayu,sisca1977;ElshintaTegal_
1349172704457285600;radioelshinta;anasmbelink,1717Fifin;
1349168561160245200;radioelshinta;fikaosman,JawaraRobi,Jaminainggolan2,Bebefaar1,errisubakti,l3na_l3na,AwhexWibowo,SorbanPaliid;ElshintaDotcom,JawaraRobi,errisubakti,ElshintaTegal_,SorbanPaliid,julerocks
1349165912704778200;radioelshinta;faizalhabibi,bowo13v;
1349165867624370200;radioelshinta;1717Fifin,bowo13v;
1349165832820060200;radioelshinta;AhmadJapra7,JrMauludin,SangRajawali14,bowo13v;Ridwansuwandi,ElshintaTegal_
1349157636495741000;radioelshinta;1717Fifin,aulia_yonantha,l3na_l3na;
1349148905460486100;radioelshinta;turunBuyutKarti;BagusRTNews
1349147688839700500;radioelshinta;marhalindo;
1349146985006198800;radioelshinta;;
1349143225747918800;radioelshinta;risnawan,gonkcil,Wong_Djawi,endutmaniez,MndJaya,catncrochetlove,Kribbo3;balangijo2020,wisnubroto45,greenxcode,BagusRTNews,MndJaya,shoyf_ihtiar
1349138986820722700;radioelshinta;;
1348993134068260900;radioelshinta;turunBuyutKarti,suryaamriza,SUTANPAHLEVI3,BenediktusNugro,era_sin,AndyGar95650906;BenediktusNugro
1348958150821605400;radioelshinta;biofarmaID,DaniMaliq;biofarmaID,DaniMaliq,ElshintaTegal_
1348929683119698000;radioelshinta;AbiSyechan,__Ndaru__;
1348917349907189800;radioelshinta;faridariadno,movicgu;ElshintaTegal_
1348912771761541000;radioelshinta;1717Fifin;
1348907396496715800;radioelshinta;;
1348903021619515400;radioelshinta;polos_kucing;polos_kucing
1348901661213827000;radioelshinta;cahayaberkah88,BJ___Robin,Rogerfed1975,evoy_ebony,polos_kucing;polos_kucing
1348883825028288500;radioelshinta;1717Fifin,AgusSal38231282,Darmawan_bs,aulia_yonantha,llallalla1004;ElshintaTegal_
1348882707015557000;radioelshinta;1717Fifin,thea_effendy,Darmawan_bs;thea_effendy,ElshintaTegal_
1348881789519941600;radioelshinta;;ElshintaTegal_
1348881725313544200;radioelshinta;Darmawan_bs;ElshintaTegal_
1348881690836418600;radioelshinta;yusuf_rizall,Darmawan_bs;ElshintaTegal_
1348881176941842400;radioelshinta;1717Fifin,AgusSal38231282;ElshintaTegal_
1348864034456522800;radioelshinta;1717Fifin,desamejagong,Darmawan_bs;
1348821109756424200;radioelshinta;;
1348821025442590700;radioelshinta;suryaamriza;
1348820981670846500;radioelshinta;;
1348653694108070000;radioelshinta;ichaelza,Markusli3,EriawanB;
1348611244098343000;radioelshinta;;
1348596432039596000;radioelshinta;AnakBabeGw,turunBuyutKarti,ArsipMedia,desamejagong;AnakBabeGw,turunBuyutKarti,ElshintaTegal_
1348593258457231400;radioelshinta;suryaamriza;r0nggo05,kikimhikmat
1348578915065892900;radioelshinta;ifanzfanz44,Nji011,novy_fitriyanti,l3na_l3na,AimanJudakusum1,olfan_nanang;mascepp,donjasn
1348575739621216300;radioelshinta;olfan_nanang,OrangKampung07,Darmawan_bs;
1348562148792750000;radioelshinta;auliaabdulfata2,ichaelza;
1348549035053904000;radioelshinta;;
1348545760065847300;radioelshinta;samuel_atika;
1348381299132616700;radioelshinta;IlfanIlyas,ERamdanni,mherlantoyp,Hantoro2011,mil4nisti48,stevankresonia,syahdic016,rita76wati,samoederaharapa,YTejamulia,kangmcc,drasidin,tsaden3,sheikharry,SmileSiti,seintwt,northlondoner_,gonkcil,PriyaBiasa_Aja,yoyok_ismoyo,Ratmangondhez1,Ky_Atma,HoliduhaZ,movicgu,Ikhwanazis89;samoederaharapa,IlfanIlyas,YTejamulia,ERamdanni,FitRadioBandung,ubayWP,mherlantoyp,PriyaBiasa_Aja,fadlanilham87,kangmcc,mil4nisti48,is_pelssy,zulrizkii,stevankresonia,syahdic016,rita76wati,RECOVERADIO,ElshintaTegal_
1348261272064725000;radioelshinta;hiskya_sebayang,EndangYunani;
1347869160756285400;radioelshinta;anasmbelink,Bayukur26134002,sugengwaluyo08;
1347811758115680300;radioelshinta;anasmbelink,lukmanalwahid,jonathanary,SugavSumina;SugavSumina
1347787204312014800;radioelshinta;paulusteddy_,guhendulenlove,malil638,hellomayya,Mochalisafii3,Herman97821449,Pipit35276355,Rikoharianto8,apandi94,Ismu2872,C4hb4gu52,edysutiyono3,SoniMsi07,anasmbelink,anishartanto,AAswinmatheus,MatheosTeddy;paulusteddy_,AchmadArief,tmpaijhon,ip12as
1347773814415925200;radioelshinta;anasmbelink,Mochalisafii3;fauziremon
1347771524829249500;radioelshinta;panggil_iq,Leva9870,bagaas_hermawan;Muslich_Leva,bagaas_hermawan
1347735887514267600;radioelshinta;AnakBabeGw;AnakBabeGw
1347556308581449700;radioelshinta;marcelloyoell_,Dagol83466064,iyongpananjung1,apandi94,capoengbalap,Tommy93507168,bagaas_hermawan,SatriaAndryP,ambo_miocarbon;Dagol83466064,Tommy93507168,bagaas_hermawan,iyongpananjung1,diahelindar
1347539301630943200;radioelshinta;Iyo_mataram,KemenkesRI,kec_kasihan,g_paristi,IlhamRizaldi17,Purbajaya2,bindunada,movicgu,Rogerfed1975,suprayuki;yunusbara71,ElshintaTegal_
1347519744706896000;radioelshinta;ChrisMarp,YoyokSubandriy3,BambangSutoyo8;Dagol83466064,DaniMaliq,YoyokSubandriy3,ElshintaTegal_
1347505622367969300;radioelshinta;Huri72991243,turunBuyutKarti,Naina30770166;RECOVERADIO,ElshintaTegal_
1347498124336513000;radioelshinta;;pputrakkelana
1347497156387565600;radioelshinta;febronie75,ArieIstiyono,Gunawan_SE2230,AnakBabeGw,bobyidol,bobhasan303,QBall35196637,mardibsk11,Rinienta,StefRanda,YouandI2706;ArieIstiyono,AnakBabeGw,YudhiTelsa
1347464746769870800;radioelshinta;FitRadioBandung,tam_oke;FitRadioBandung
1347453058922397700;radioelshinta;zarque8,sakuratwit1;Klepon911,FitRadioBandung,ElshintaTegal_
1347344377694322700;radioelshinta;;
1347344143408763000;radioelshinta;;skrxn
1347192613904863200;radioelshinta;kandardini,AnakBabeGw,achmad_marendes;BagusRTNews
1347169567034859500;radioelshinta;iwandermawan63,adhitya_h,dayatchentank18,hank_jkt,AgusRiy89630858;
1347008389969105000;radioelshinta;;
1346819155383656400;radioelshinta;SpongeB02571224;
1346783887163211800;radioelshinta;menaramslestari;
1346776563358994400;radioelshinta;menaramslestari,movicgu,Abindi2,vitAvianti,caklubis;setiawan1710
1346765060874461200;radioelshinta;YouandI2706;evereeze
1346747488103932000;radioelshinta;bindunada;
1346747171157119000;radioelshinta;swara_fadjar,Marjukiriskygm1,PragyansLife,WellToto;
1346737431643521000;radioelshinta;kandardini;
1346724451056980000;radioelshinta;erwinaryadh,tidak_oval,lukman141070;lukman141070
1346721057063927800;radioelshinta;rudihidayat66,SMurtioso,suryaamriza,yunwin34;
1346702276128170000;radioelshinta;;yswandi,dabenone2
1346701846832824300;radioelshinta;;
1346699886331236400;radioelshinta;Surosobe;AhmadJapra7,hafeeza12
1346670688984133600;radioelshinta;anasmbelink,ari_wadjo;RECOVERADIO
1346665556263329800;radioelshinta;anasmbelink,Kamuharuskaya;
1346631425185890300;radioelshinta;endahindri12;ElshintaTegal_
1346624475270267000;radioelshinta;anasmbelink,kandardini,dedy_riyadi;osmarbinter
1346621506172846000;radioelshinta;anasmbelink,KemenkesRI,AnakSmp97,kandardini,Rioharyadi7,Matartan_Dewi,ghpysynonyxz,RikoSuwatalbes5,IlhamRizaldi17,amirsyahoke,wanandaaaaa,AntomyBaba,iniiloo;amarabyan,ayuyayuyayuya,KemotThe,amirsyahoke
1346586123653431300;radioelshinta;Azay76205707,suryaamriza,bundasinta20171;
1346562770569887700;radioelshinta;;ElshintaTegal_
1346536008418951200;radioelshinta;AndriKu94837302,PKSJaksel,Toejoehkeliling,marginoer,percayaNgl,bundasinta20171,burungdara,sinjahreem,anasmbelink,WasUgly,MuhRijal74;akunsudi,IsmaeAja,percayaNgl,dyasdarcy
1346526194850701300;radioelshinta;;ElshintaTegal_
1346514332499153000;radioelshinta;junatjandra,UjKomar,malil638,asanenny87,SpongeB02571224,fikimtb,Qonitahnitaa,SiregarPuji,Lamolam06704729,anasmbelink,Ruslinkan;
1346503836366590000;radioelshinta;Lamolam06704729,margo_siswadi,FirmansahRiski;
1346487634261016600;radioelshinta;;ElshintaTegal_
1346387225806704600;radioelshinta;ErzaAldis;
1346374992133410800;radioelshinta;IlfanIlyas,malil638,yohanesbu,BoediPoenya86,Darmawan_bs,KejaksaanRI,aulia_yonantha,ambargedon,miyeonsshii,clarita_rima,paceaw123,edysutiyono3,lpknsm,AdvIrwansyah,ofc_k2rl_pntk,bowo13v;IlfanIlyas,h4850ro,RioNi27788964,munfarikhaaas
1346326537096708000;radioelshinta;AnakBabeGw;AnakBabeGw
1346312654650974200;radioelshinta;AnakBabeGw;AnakBabeGw
1346274949611180000;radioelshinta;;
1346250130471620600;radioelshinta;afriani1999;ElshintaTegal_
1346071234530791400;radioelshinta;aprillia_kp;
1346027773412790300;radioelshinta;;
1346022567396556800;radioelshinta;Alunk_bule;BETAWI_KOTA
1346019978013675500;radioelshinta;;ElshintaTegal_
1345957076556603400;radioelshinta;kandardini,ichaelza,AndyTantono,AgusSal38231282,SigitSie,rhien_wang,aulia_yonantha,HimawanOetoro,capjahe_,AnakBabeGw,Martion10971768,kepulauanjkt,Ruslinkan;AnakBabeGw,RECOVERADIO,FitRadioBandung,BagusRTNews
1345930021249028000;radioelshinta;;
1345918310022484000;radioelshinta;;
1345918259095249000;radioelshinta;sunarwidjaja,JawaraRobi,Tatuioke,ProkopimMabar;JawaraRobi,ElshintaTegal_,ProkopimMabar
1345904416264581000;radioelshinta;yana_diah,AiraAfniAmalia,bindunada;
1345878792179339300;radioelshinta;Surosobe;
1345801906032054300;radioelshinta;ChomoAljabar14;
1345790816489332700;radioelshinta;asanenny87,Syaiful40039805,ichaelza,Ruslinkan;
1345732425796657200;radioelshinta;asanenny87,SulastryAjeng,liinnadjie,febronie75;
1345669237327630300;radioelshinta;BobyWibs;BobyWibs
1345658201014820900;radioelshinta;HAPOSANM,andrysyachroni,Restu66441205;PraptoPinardi2
1345645064572215300;radioelshinta;UjKomar,riyoajah,BoediPoenya86,Rioharyadi7,WellToto,fajaranugerah,AORAFAM,NirwanM3,faridariadno,annelitha_rose;fajaranugerah
1345271445459325000;radioelshinta;mannyuns,Ismu2872;mannyuns
1345264932086972400;radioelshinta;DianaSR49909301,marselinarosali;
1345264805007872000;radioelshinta;;
1345242361182388200;radioelshinta;JoRadja;
1345149922740355000;radioelshinta;;
1345022630542286800;radioelshinta;sidikjj,WhoStronger,YouandI2706,JusufKristianto;JusufKristianto
1344945218978607000;radioelshinta;EZRNTNL,adreeanka,febirn,menaramslestari;
1344934983425638400;radioelshinta;l3na_l3na;
1344922775836786700;radioelshinta;hikmah_wijaya,sylvkartika,teprasoekarno,js21sastra,UsmanHamid86,menaramslestari,ekurnia82,mygracepa,aby_sh,wanitasableng90,BenediktusNugro,djati,arda_aldhi,Herman138;UsmanHamid86,rizalkangitu,Herrreza,ekurnia82,jokoselong,BenediktusNugro
1344914426747441200;radioelshinta;tsaden3,FarhanF83325726,Soemir28,bindunada,ryanharyanto99,riyoajah,movicgu;FarhanF83325726,Soemir28
1344817286335533000;radioelshinta;BoediPoenya86,damara_agtika,Washinthon76si1,amirsyahoke,AisyahRahmadi10,dimasopa1,Ireneyuliana2,fourydikha,agil237,banana_fructus,Iyo_mataram,4fanani,IlhamRizaldi17,muhlis69497206,redywanjames,KemenkesRI,hyemi_wonie,SilvinaVina6,albert40382,JusufKristianto,Markusli3,eriestoctavist;crizph1,happycooking_,nanapoenya63,agus_abdulah,renovachoandy,T14503NG,fourydikha,bindunada,redywanjames,NurHarjanti,BeritaSUKOHARJO,eriestoctavist
1344622905716445200;radioelshinta;;ElshintaTegal_
1344577819188236300;radioelshinta;;
1344567608318673000;radioelshinta;Ilhan62767245,YulidaNing,UtantoSuryo;YulidaNing
1344549327985754000;radioelshinta;;FitRadioBandung
1344530243998994400;radioelshinta;Lamolam06704729;
1344524857355034600;radioelshinta;DenAmir4,Agustinusjames,DenyHalemun,hdimara79;
1344520677907263500;radioelshinta;AryKuncor,elinariyani,l3na_l3na;sofeff,AshaaMW,elinariyani
1344519858285805600;radioelshinta;;
1344518848981078000;radioelshinta;rudyth,roswitwit,DenyHalemun,l3na_l3na;AshaaMW
1344510750711169000;radioelshinta;Agustinusjames,matahari_me,Asyaifullah_INA,Ritaherayanti1,arindo_ink,DenyHalemun,l3na_l3na,DewiHar99998048,sutrisnoam,erroyh,Supriyanto_Dei;Asyaifullah_INA,Supriyanto_Dei
1344257831663353900;radioelshinta;ArthantoMoestra,l3na_l3na;
1344206073947848700;radioelshinta;abyanlakstian,zulvejas;AhmadJapra7,FitRadioBandung,RECOVERADIO
1344159065111285800;radioelshinta;Bp_HasbiJunaedi,ichaelza,alambaskoroke4;alambaskoroke4,T14503NG
1343923573061107700;radioelshinta;ekojoewono,ichaelza,carimuka8,syamsoel_basri,sutrisnoam,ProkopimMabar;sofeff,intanalyze,meg_1916
1343912624388333600;radioelshinta;aan_noviandi,Iyo_mataram,ichaelza,setyobasuki16,Ipunk09330092,anantanurizki,sigitari77,ProkopimMabar;meg_1916,angelohanakin,anantanurizki,julerocks,ProkopimMabar
1343742255866073000;radioelshinta;Bp_HasbiJunaedi;
1343701706605953000;radioelshinta;YTejamulia,Bp_HasbiJunaedi;IningNashin
1343570114004729900;radioelshinta;FarhanF83325726,dsalehsip,Evatarida,Yesikajuniarta_;FarhanF83325726,Evatarida
1343470321429479400;radioelshinta;Bp_HasbiJunaedi,Nkaryadi;
1343448090070589400;radioelshinta;Bp_HasbiJunaedi,Mochalisafii3,stasi_boy,mannyuns,RyanMochfardia5;rizkipradipta
1343386928318537700;radioelshinta;Bp_HasbiJunaedi,marcellrumagit;
1343203107409338400;radioelshinta;Bp_HasbiJunaedi,ichaelza,Huri72991243;ElshintaTegal_
1343187806672208000;radioelshinta;Bp_HasbiJunaedi,DaniMaliq,ambargedon;DaniMaliq
1343119246004404200;radioelshinta;FrenttynFristy,AgusRiy89630858,Bp_HasbiJunaedi,Suhardhi6;intanalyze
1343088653933760500;radioelshinta;zhinghui,Bp_HasbiJunaedi,ChusjairiMb,l3na_l3na;ChusjairiMb,k035
1342865195098464300;radioelshinta;AgusRiy89630858,Bp_HasbiJunaedi,marselinarosali,margo_siswadi;
1342787575728152600;radioelshinta;Bp_HasbiJunaedi,mbokrewel,dwi_prasetyoo,FarhanF83325726,EgoisTamamono,suryaamriza,deddyhariadi,Ismu2872;FarhanF83325726,mbokrewel,dida2525,intanalyze
1342654464025497600;radioelshinta;22_ronytamala,Bp_HasbiJunaedi,Aditya86402630;
1342416414087422000;radioelshinta;Bp_HasbiJunaedi;
1342040850310725600;radioelshinta;Adityardhana;
1342039922077622300;radioelshinta;;
1342039739977777200;radioelshinta;percayaNgl;
1341283846533181400;radioelshinta;Bp_HasbiJunaedi;
1340496590016934000;radioelshinta;BojosLord,22_ronytamala;ElshintaTegal_
1340465770535370800;radioelshinta;RukmanHakim79;ElshintaTegal_
1340442016644092000;radioelshinta;Bp_HasbiJunaedi;
1340384507795394600;radioelshinta;Bp_HasbiJunaedi;
1340136623292313600;radioelshinta;Bp_HasbiJunaedi,IFyou_611;
1339907714885931000;radioelshinta;Tubagus_Khidir,unedo18;
1339850956108787700;radioelshinta;Bp_HasbiJunaedi,bagaas_hermawan;bagaas_hermawan
1339731698892718000;radioelshinta;anasmbelink,22_ronytamala,ManSaphire,Rofiq6Rofiq;
1339560635751751700;radioelshinta;Bp_HasbiJunaedi,marcelinogmail5;marcelinogmail5
1339462984091910100;radioelshinta;kusbudiaji,Bp_HasbiJunaedi,armray,ichaelza;
1339460707901874200;radioelshinta;samoederaharapa,Bp_HasbiJunaedi,ichaelza,DewiHar99998048;
1339460633796866000;radioelshinta;Bp_HasbiJunaedi,ichaelza,samuel_atika;
1339460580353007600;radioelshinta;Bp_HasbiJunaedi,nysb86,MasitaAndriana,ichaelza,rspi_ss,DewiHar99998048,Markusli3,kemenkopmk,samuel_atika;rspi_ss,ElshintaTegal_
1339412698119827500;radioelshinta;Bp_HasbiJunaedi;
1339379996511518700;radioelshinta;Bp_HasbiJunaedi,aulia_yonantha,rintothegal,Al_Rief02,Fitriwa55242879,samuel_atika;
1339365105159454700;radioelshinta;Bp_HasbiJunaedi,Markidil3,AgusSal38231282;
1339345032063537200;radioelshinta;1926Pionerr,BinarisSitumor2,MICHAEL19029105,yovander007,asepnaziul,AnakBabeGw,BrandyB28890640,JoenMaristo,senandung_sajak,Musyafauzan,firdaustaufik17,Andreas_AdyM,yudar30,Bp_HasbiJunaedi,DewiHar99998048,YennyErdhyta18,JeddyjJj,nursii5,PrastowoTukiman,noviantotrinugr,__Ndaru__;CuaLadh,yovander007,mygracepa,ElshintaSby,Andreas_AdyM,bangwin007,AnakBabeGw,Mr_Combro_Bro,muhammad_zuhdan,TomJerry525,JoenMaristo,senandung_sajak,fauziremon
1339317179641053200;radioelshinta;Bp_HasbiJunaedi;ElshintaTegal_
1339271813990211600;radioelshinta;ortsasybur,Bp_HasbiJunaedi,margo_siswadi;ElshintaTegal_
1339256772498870300;radioelshinta;Bp_HasbiJunaedi,alambaskoroke4;
1339250182639140900;radioelshinta;Bp_HasbiJunaedi;ElshintaTegal_
1339240529758843000;radioelshinta;KubangPutra,KmshRudi,alkhoir_akhad,Aribowo_TheKill,AhmadBowo8,frido80,Natalia27047581,PryAhmad,wulansa60865396,Bp_HasbiJunaedi,DedyNad_id,PemudaDesaId,DeDafietputra,TuDe33934350,mateus_citra3,Marshan76213545,ni2ekninot,ippoonngg,uncleyans,Agustin150802,Gunawan_Fang,litaerliana1,MaryamM04135566;ganjarpranowo,ElshintaTegal_
1339234950600564700;radioelshinta;angelNtara,Bp_HasbiJunaedi,GoyangGuling,margo_siswadi;diancurin
1339220158372434000;radioelshinta;DewiHar99998048,Gavindo6,Bp_HasbiJunaedi,leo_fanra;dontworymak
1339212421349527600;radioelshinta;Firta26935159,fuadditiya,Bp_HasbiJunaedi,enjibiway;
1339119883167002600;radioelshinta;Bp_HasbiJunaedi,marselinarosali,yanarenada,ArieIstiyono,aulia_yonantha,TriWidi10396241,JoshuaRiva,pab_indonesia,bowo13v;ArieIstiyono,alambanten,ElshintaTegal_
1338999961741000700;radioelshinta;Ignastherry,Bp_HasbiJunaedi,nakaluarbiasa,Surosobe,samuel_atika;budiagani,nakaluarbiasa,ElshintaTegal_
1338953216721973200;radioelshinta;Bp_HasbiJunaedi;
1338912687418265600;radioelshinta;1926Pionerr,Bp_HasbiJunaedi,yud_iii,margo_siswadi,ali_aqbar_23,AlMasmugi;
1338893362972094500;radioelshinta;Bp_HasbiJunaedi,margo_siswadi;
1338878733201985500;radioelshinta;Bp_HasbiJunaedi;
1338822518908493800;radioelshinta;Bp_HasbiJunaedi;ElshintaTegal_
1338674504575242200;radioelshinta;Bp_HasbiJunaedi;
1338668047469428700;radioelshinta;Bp_HasbiJunaedi,pbpmicovid19;pbpmicovid19
1338500986940190700;radioelshinta;Bp_HasbiJunaedi;
1338466290239828000;radioelshinta;Bp_HasbiJunaedi,alambanten,aryasoearman;
1338428928080240600;radioelshinta;Bp_HasbiJunaedi,KemenkesRI,prakerjagoid,knurjnnh,Al_Rief02;
1338417200277831700;radioelshinta;;
1338416122031349800;radioelshinta;Bp_HasbiJunaedi,Al_Rief02,AchmadWiria;
1338385846588776400;radioelshinta;Bp_HasbiJunaedi;
1338374107646201900;radioelshinta;JollyCCC,Bp_HasbiJunaedi,kandardini;
1338283711943463000;radioelshinta;Bp_HasbiJunaedi,lelyyasrianti1;
1338281831385321500;radioelshinta;Ap11583778,Bp_HasbiJunaedi;
1338281736870846500;radioelshinta;Bp_HasbiJunaedi;
1338270862445740000;radioelshinta;;Nkaryadi
1338150012421730300;radioelshinta;Bp_HasbiJunaedi,AliyudinRahman;
1338100396821123000;radioelshinta;Bp_HasbiJunaedi,RudyMonoarfa;
1337699142915637200;radioelshinta;Bp_HasbiJunaedi;
1337698258953457700;radioelshinta;Bp_HasbiJunaedi;
1337687819251138600;radioelshinta;22_ronytamala,Bp_HasbiJunaedi;
1337631093407694800;radioelshinta;Badboy06864860,Bp_HasbiJunaedi,22_ronytamala,Mohamma28992919,alambanten;Mohamma28992919,rendroko
1337541731349237800;radioelshinta;;
1337503224215965700;radioelshinta;Kribbo3;
1337464084124471300;radioelshinta;WellToto,margo_siswadi,IRULJANGKRIK;
1337443845945000000;radioelshinta;;
1337417911200141300;radioelshinta;FarhanF83325726,22_ronytamala,Bp_HasbiJunaedi,margo_siswadi;FarhanF83325726
1337194781286363100;radioelshinta;Bp_HasbiJunaedi;
1337194516076322800;radioelshinta;22_ronytamala,Bp_HasbiJunaedi;
1337181364651577300;radioelshinta;Bp_HasbiJunaedi;
1337181210825511000;radioelshinta;Bp_HasbiJunaedi,sutrisnoam;
1337179643351167000;radioelshinta;andikas31814368;
1337179320347840500;radioelshinta;andikas31814368,Dewi65582978;
1337173641465741300;radioelshinta;andikas31814368,Nescan82;
1337168774416326700;radioelshinta;andikas31814368,22_ronytamala,Bp_HasbiJunaedi,sutrisnoam,Herman97821449;
1337042888522424300;radioelshinta;Bp_HasbiJunaedi,VitaAzizah,Sunaryo65024859,Santri1922,fedriza,mas_aep,jean_monforte,milarianbagja,mbak_utiii;
1337031270660939800;radioelshinta;Bp_HasbiJunaedi,AgusSup39011241,kalkua1,l3na_l3na,AdieSmith8,arif_tenanan,pt_warna,billysmbring366,AchmadWiria;arif_tenanan,AgusSup39011241,kalkua1,billysmbring366
1336843094419931100;radioelshinta;l3na_l3na;
1336829296590028800;radioelshinta;;
1336809097858048000;radioelshinta;ollamarolla,FajarThama;
1336742467698225200;radioelshinta;Emondcrazy69,Bp_HasbiJunaedi,d4m4nhuri,SangRajawali14,Budiawan1985,wmpy49207543;
1336648956336504800;radioelshinta;imran778,sutrisnoam,Bp_HasbiJunaedi,suseno212;
1336643896395231200;radioelshinta;Mohamma28992919,Bp_HasbiJunaedi,irfanapma11;Mohamma28992919,richansix
1336641747280162800;radioelshinta;Bp_HasbiJunaedi;
1336626652990890000;radioelshinta;Bp_HasbiJunaedi;
1336592750939000800;radioelshinta;Bp_HasbiJunaedi,Rockbalancing_,marcelinogmail5,jefrykolloh77,alambanten,irhamahmad1976,illyas11bugis,billysmbring366;marcelinogmail5,billysmbring366
1336577380039606300;radioelshinta;Bp_HasbiJunaedi,Igo_winata,SatriawanDede1,Rahwanasaputra1,alambanten;
1336320500214067200;radioelshinta;Bp_HasbiJunaedi;
1336196801842462700;radioelshinta;Bp_HasbiJunaedi,zacky_gh,SRmeita;SRmeita
1336186628943974400;radioelshinta;Bp_HasbiJunaedi,l3na_l3na,NirwanM3;
1336113263927578600;radioelshinta;Bp_HasbiJunaedi;
1336101315143843800;radioelshinta;Bp_HasbiJunaedi,Leva9870;yudianto99,Muslich_Leva
1336085388478189600;radioelshinta;Bp_HasbiJunaedi,simkuringporsea,Titin58709814,tribunusbali;simkuringporsea
1336047294878085000;radioelshinta;Bp_HasbiJunaedi,NuryantoErik;
1335966995762704400;radioelshinta;Bp_HasbiJunaedi,ichaelza,enjibiway;
1335927278736306200;radioelshinta;Bp_HasbiJunaedi,ekojoewono,anisanirwana4,FarhanF83325726,ninoadrianto76;FarhanF83325726
1335919485815951400;radioelshinta;;
1335913972768202800;radioelshinta;Bp_HasbiJunaedi,bagusrumahku;
1335911529582002200;radioelshinta;Bp_HasbiJunaedi,robbyfrandana;ElshintaTegal_
1335840260635312000;radioelshinta;Bp_HasbiJunaedi,Ismu2872,Mikel_cp,lukmanalwahid,billysmbring366;billysmbring366
1335831029588795400;radioelshinta;Bp_HasbiJunaedi,ichaelza;
1335827997018845200;radioelshinta;;
1335807086937079800;radioelshinta;;
1335807040371888000;radioelshinta;Jawa73636356,Bp_HasbiJunaedi;
1335802422128640000;radioelshinta;22_ronytamala,Bp_HasbiJunaedi,Fadilramdani9,percayaNgl,affendi90072188,Ruslinkan,kepulauanjkt,patrisir7;intanalyze
1335795882399166500;radioelshinta;Bp_HasbiJunaedi,maspennn,FarhanF83325726,jimmy_168,affendi90072188,patrisir7,revobiru;FarhanF83325726,revobiru
1335766366582784000;radioelshinta;IlmaNurhidayati,22_ronytamala,Bp_HasbiJunaedi,turunBuyutKarti,97_fatar,Info_dari_Anda,AchmadW11147396,danicikacika;greenxcode,RECOVERADIO,ogopagang,ElshintaTegal_
1335725097181532200;radioelshinta;Ismu2872,Bp_HasbiJunaedi,alambaskoroke4;
1335606287090913300;radioelshinta;Bp_HasbiJunaedi,Hamas191,l3na_l3na,Naizan8,pancasadsapta;Hamas191,suryawanhendri
1335595170348208000;radioelshinta;AliMachyani1,ArkanDeannova13,yoen_amalia,wadisu76,retnowlnsr_,ykartikamutiara,fajarariyan_,LiyaYuliana8,PakAgus97031754,RizkyJayakunci,didiekimawan,are_reyy,DanySyihabuddin,NorRosid5,nsnrrmdhn,GIVG_SP,Izzapratama1,anton_erwin,erwin_marpaung,nhmaulaa,Rofiq6Rofiq,yusubruliana1,moodxyyy,nnrDemuarsa,Reza42962526,SBanendro,BAmyrezky,KasmantoManto4,trimo78,s_iyan,acchiuu,alessandrosalu,MouserPcp,GrageTanto,AlshafaAkm,RichardDharmawn,Gunawan_Fang,AqilaZidny2,AchmadW11147396,yudhibarista,ireneki,Rizqialriansyah;lidbahaweres,wiji_lestariiii,SRmeita,will8zhang,CenHandoko,Alva47831808,fasyafahlefi,Banggajtg,yogife12,Faizin_Merah,sukmard,onggieherewego,CalonKosim,Kartikovic,arismunandrr,BambangNindito,dsputraa2nd,honeeeybe,tyarsibarani,Izzapratama1,Bp_HasbiJunaedi,DedyNad_id,RajaSetann,YYenira,apandi94,jaka_momogi,chinoireng28,JennyLamtio,IningNashin,dewisumba,KSJ__wifey,arif_EB,wurimiraw,ravozelaerwin,chabians,zxmxn,Nyunyut912,aespa49260960,iLhamidruss,IniPamulang,oncombdg20
1335591727533416400;radioelshinta;Bp_HasbiJunaedi,minnuto,Robertteguh168;
1335468686639997000;radioelshinta;ifanzfanz44,At110704,Bp_HasbiJunaedi,hafizh_auzzami,FarhanF83325726,yorunokari,Rey28649173,Adri4n70;FarhanF83325726,Teh__L,intanalyze
1335403226049343500;radioelshinta;Bp_HasbiJunaedi,JawaraRobi,aulia_yonantha,l3na_l3na,KPerkosa;JawaraRobi
1335191843793866800;radioelshinta;Bp_HasbiJunaedi,Iyo_mataram,ughi2007,MarchelChris13,akhnauf;
1335070083249361000;radioelshinta;Iyo_mataram,anwardobelsix,kandardini,FarhanF83325726,KPerkosa,ardiyantosecang,revobiru;FarhanF83325726,bobyidol,ElshintaTegal_,revobiru
1334963184298578000;radioelshinta;JustFeddy;
1334572267624231000;radioelshinta;HyeYanti,Dewi90141813,AnakBabeGw,Imotlyridemods,AchmadWiria;HyeYanti,AnakBabeGw
1334561891956375600;radioelshinta;Imotlyridemods;
1334453070105780200;radioelshinta;percayaNgl,ichaelza,dikuahin,Imotlyridemods;percayaNgl
1334124949850652700;radioelshinta;sutrisnoam;
1334124732698955800;radioelshinta;opikro;AndiDarmawan80,kakapampam,bobyidol
1334050203553259500;radioelshinta;Yudi52952308,Trisnavia28,affendi90072188,bindunada,riyoajah,ferdy_lucky;Breaking24_7,BeritaSUKOHARJO
1333960224479142000;radioelshinta;FarahNathan24;
1333940243532116000;radioelshinta;;22_ronytamala
1333927540302381000;radioelshinta;bacotunited,iwillexplor3;ElshintaDotcom,RECOVERADIO
1333909722815099000;radioelshinta;Herman97821449,menaramslestari;
1333904323042893800;radioelshinta;AnakBabeGw,afriani1999,Jioenk_Nizam,menaramslestari;22_ronytamala,AnakBabeGw
1333742893929009200;radioelshinta;;
1333727794610598000;radioelshinta;Paulbae18064104;
1333655436898123800;radioelshinta;menaramslestari;
1333601825468006400;radioelshinta;Msismail14;T14503NG
1333236818104311800;radioelshinta;RECOVERADIO;ElshintaTegal_
1333214159819817000;radioelshinta;;ElshintaTegal_
1333199063081050000;radioelshinta;nysb86;
1333185447988580400;radioelshinta;AgusSal38231282,asepsaepullahk2;
1333018621501710300;radioelshinta;DenyHalemun;ElshintaDotcom,Info_dari_Anda
1333003521835331600;radioelshinta;;
1332480810394341400;radioelshinta;;
1332480229659476000;radioelshinta;Bp_HasbiJunaedi,dr_koko28,datuksweida,milarianbagja,YouandI2706,_missGe;Hawing18,sapisipasapi,datuksweida
1332323971392438300;radioelshinta;asanenny87,TongSate,realprincetotty;MIchwannuddin,WellToto,realprincetotty
1331252915005112300;radioelshinta;InfoPewarta,Brigade01Arwan1,lanunatuna;Brigade01Arwan1,lanunatuna
1330889435366396000;radioelshinta;percayaNgl,Markusli3,FathurRasyid17;
1330887956349870000;radioelshinta;Femmiestevanie1,l3na_l3na,indrafebriy48,Markusli3,ulliesantos;22_ronytamala
1330865371830620200;radioelshinta;AlpinisF,Sawalinaaa,FarhanF83325726,DDegea88,dina_aprilina,ambargedon,uteaptaro,salmanwrld,JumperNull,Markusli3;FarhanF83325726,ninoSSL,dina_aprilina,JumperNull
1330837535468056600;radioelshinta;Dedy_313,deddyhariadi;Dedy_313
1330748393275027500;radioelshinta;alambaskoroke4,budisantosobph1;alambaskoroke4
1330746917840588800;radioelshinta;PragyansLife;
1330579996373524500;radioelshinta;AgenKatul,menaramslestari;
1330386499297108000;radioelshinta;dharmawiguna,l3na_l3na;i_ruswandi
1330131937063825400;radioelshinta;dean_deanlova;
1330053793086627800;radioelshinta;samoederaharapa,sananto2009,Cathari41401266,PraptoPinardi2,alas_kurusetra,dharmawiguna;samoederaharapa,alas_kurusetra,ElshintaTegal_,PraptoPinardi2
1329657118278918100;radioelshinta;kopibubukhitam;
1329612918925664300;radioelshinta;IskandarMocht16;
1329440978588098600;radioelshinta;FaisalZaini0411,irhamahmad1976,Driestyantie,l3na_l3na;FaisalZaini0411,BagusRTNews
1329361857417678800;radioelshinta;milarianbagja,Abindi2;lalikmus
1329317678310334500;radioelshinta;AkbarYoso,IswadiI12262650,SangRajawali14;IswadiI12262650
1329266332978741200;radioelshinta;FaisalZaini0411;
1329245582859280400;radioelshinta;;
1329244516180652000;radioelshinta;;
1329230279689470000;radioelshinta;apandi94,Parjono27746691;
1329228145208148000;radioelshinta;Bananaanf120319;
1329219223348867000;radioelshinta;Parjono27746691,atcskabbekasi,Tony35406894,BangEkaAja,apandi94,l3na_l3na,bagaas_hermawan,buckleybliss;ElshintaTegal_,bagaas_hermawan
1329213045395034000;radioelshinta;;
1329197701699838000;radioelshinta;08Dones;Na_Aleeya
1329032103518896000;radioelshinta;AlehKolbi;AlehKolbi
1329019927936729000;radioelshinta;lukmanalwahid;
1329006085110263800;radioelshinta;;
1328951477147152400;radioelshinta;shobirinIskand2,KataKonspirasi;
1328921086419824600;radioelshinta;percayaNgl,gentholoco;heintje_han
1328920495740240000;radioelshinta;22_ronytamala,Marjukiriskygm1,alambaskoroke4,KampretTer,Yanuar133,KejaksaanRI,Pipit35276355,danitriswanto11,TombolSi,apandi94,bembenk_44,AchmadWiria,InfoPewarta,Trijaya28667640,juliawati_susi,gentholoco,bowo13v,realprincetotty;realprincetotty
1328882566456230000;radioelshinta;BkBahrul,JawaraRobi,poeghi,anasmbelink,fajar_1975;JawaraRobi,ElshintaTegal_
1328634303790477300;radioelshinta;apandi94;nehf_kris
1328557889061933000;radioelshinta;juraontherun,Michlans;ElshintaTegal_
1328211593562263600;radioelshinta;;
1328211493448343600;radioelshinta;bagaas_hermawan;ElshintaTegal_,bagaas_hermawan
1328046357739942000;radioelshinta;PvMzt1Vhq1khrHk;
1327835769910685700;radioelshinta;tiosaputra_7,RickySembiring7;
1327094801045438500;radioelshinta;OjolRiego,Bananaanf120319,AntonPr12594871,Da_yangqu;
1326849722385010700;radioelshinta;;
1326717322975797200;radioelshinta;;
1326707047723757600;radioelshinta;;
1326693158353166300;radioelshinta;;
1326676079654826000;radioelshinta;;
1326661975904956400;radioelshinta;menaramslestari,KurniaAlamsya14,Kribbo3;
1326524312799465500;radioelshinta;;
1326508656897093600;radioelshinta;Frau86015517;
1326488395615412200;radioelshinta;bindunada;
1326303513043894300;radioelshinta;;
1326243226450333700;radioelshinta;firstavina,MadyanNaim;MadyanNaim
1326154161889505300;radioelshinta;aditama9704;
1326125924836733000;radioelshinta;cinnamongirlc;
1326068079042855000;radioelshinta;Ariyant87979711,illyas11bugis,DedyNad_id;
1325913965596041200;radioelshinta;menaramslestari;
1325739571611496400;radioelshinta;pit_fitri16,ichaelza;
1325415464349036500;radioelshinta;;
1324700691927978000;radioelshinta;ichaelza,LindaSoetanto12,Rogerfed1975;h4850ro
1324244520901357600;radioelshinta;AndresOctafians;
1324227152041009200;radioelshinta;;
1324171618625618000;radioelshinta;;
1324156767333355500;radioelshinta;alambaskoroke4,widdodo15;alambaskoroke4
1324140862125740000;radioelshinta;ichaelza;
1324124265126498300;radioelshinta;l3na_l3na;
1323958945589784600;radioelshinta;Bukansiapa96,ichaelza;
1323944603985215500;radioelshinta;;
1323433803386216400;radioelshinta;AmstrongBiring;AmstrongBiring
1323431646658400300;radioelshinta;ProfesorZubairi,AndresOctafians;
1323414924253556700;radioelshinta;arosbudikurniaw;
1323401070417043500;radioelshinta;;RECOVERADIO,Info_dari_Anda
1323235599873007600;radioelshinta;;
1323218772761612300;radioelshinta;RASUL__MUHAMMAD;
1323069828739989500;radioelshinta;Marjukiriskygm1,nifirakujnang89;J_Evriyanto
1322148074316165000;radioelshinta;alambaskoroke4,MohdNasib;
1321992942525968400;radioelshinta;alambaskoroke4,ac0b06158f424ee;
1321953401811333000;radioelshinta;withme701,TongSate,FajarThama;
1321848137640636400;radioelshinta;;
1321790110656995300;radioelshinta;Ismu2872,milarianbagja;helen_sahetapy
1321549507935432700;radioelshinta;AnakBabeGw,CalonDewasa,JawaraRobi,SorbanPaliid;AnakBabeGw,SorbanPaliid
1321527167847555000;radioelshinta;;
1321233305707032600;radioelshinta;;
1321226640622407700;radioelshinta;;GoTotheJek
1320974881232580600;radioelshinta;;
1320942045398143000;radioelshinta;;
1320830758886363100;radioelshinta;RECOVERADIO,alambaskoroke4,AnakBabeGw;AnakBabeGw
1320816448713883600;radioelshinta;l3na_l3na;
1320784126065086500;radioelshinta;RASUL__MUHAMMAD;senysurani
1320783446424211500;radioelshinta;RASUL__MUHAMMAD,AnakBabeGw,pahlevim13;AnakBabeGw
1320759072505802800;radioelshinta;;
1320730442895511600;radioelshinta;anantanurizki,alambaskoroke4;
1320700730781487000;radioelshinta;;
1320674462564376600;radioelshinta;alambaskoroke4,AliyudinRahman,DedeHadiana14;
1320669504087552000;radioelshinta;Bijiganja,intanalyze,DedeHadiana14;intanalyze
1320658288086638600;radioelshinta;DedeHadiana14;
1320289385825235000;radioelshinta;biidznillahi,DhonRhomadhon;Alzib1885,ElshintaTegal_
1320280656148983800;radioelshinta;IntanRubby_8,Hadisuwondo5,bpriady,shanti_nartha,NirwanM3;dina_atha,ElshintaTegal_
1320109877943939000;radioelshinta;DedeHadiana14;
1320098754137972700;radioelshinta;;
1320083209976070100;radioelshinta;lukmanalwahid;
1320070238935761000;radioelshinta;margo_siswadi;Mohamma28992919,ElshintaTegal_
1320050768498491400;radioelshinta;Candra_arlais,margo_siswadi,BayuWisanggeni;
1320035270796869600;radioelshinta;margo_siswadi;ElshintaTegal_
1319983073170133000;radioelshinta;;PraptoPinardi2
1319842482088099800;radioelshinta;;NuningBasoeki
1319842418510819300;radioelshinta;Abdulri51471483,juandw28;
1319731774042243000;radioelshinta;bakinnews_coid,axdwin,bakoelrotimanis,y4ri00;
1319559675235299300;radioelshinta;;
1319559610588565500;radioelshinta;;
1319437010260484000;radioelshinta;;
1319391943214854100;radioelshinta;margo_siswadi;
1319365914232410000;radioelshinta;ipram2010;
1319338907016728600;radioelshinta;Lheea13,DandanAr2;
1319330066761801700;radioelshinta;PraYoga_T;
1319297854553243600;radioelshinta;alambaskoroke4,margo_siswadi,AndyJuliyanto22;alambaskoroke4
1319250065844629500;radioelshinta;Asyaifullah_INA;
1319213178979405800;radioelshinta;claudia89040797;WellToto
1319105023813402600;radioelshinta;aphink_s,RomeSyahri,Indi_Harto,indra_gugunbae,dianto_rusdian,MSyukur14863069,KangScroll,Siahaan_Nicho,umay_patria,budiwarsawa,ADIDAYA86860604,tika_fm_,munandar_dadah,baebaekite,rosvalino,f_sisca_f,Bintang49339265,gavin_h2o,ridwanalinew,Stevebiomedika,autordx,GojekinOm,apandi94,YudhistiraLee,clevnia,twiterkini,FajarThama,pantau_ind,ayenzodearya,nadiaretna,c_stax_,RBismaadityaP,Haryoristamaji,AryKuncor;piccasebeleun,Indi_Harto,Diks_btn,BagusRTNews,michaeltoselli,dianto_rusdian,umay_patria,deis_iswadi,nhwiyono,fadlan1997,realAbikaTrader,kaligrafi88,suci_nuzul,GojekinOm,Nissafin,FajarThama,_febrianadi,c_stax_,RBismaadityaP,Haryoristamaji
1319099598116274200;radioelshinta;AjungHijaya;AjungHijaya
1319099553191096300;radioelshinta;MaulanaLevine;ian__antono
1319098478748782600;radioelshinta;;
1319081033757872000;radioelshinta;FajarThama;FajarThama
1319067983784755200;radioelshinta;;
1319050834332799000;radioelshinta;LinlinBanjar,Alliyya4,ogiabdillah;Muslich_Leva,ogiabdillah,ElshintaTegal_
1319033034029498400;radioelshinta;tri_mukena,97_fatar,KDijoyo;mulyatikaral
1319027852780556300;radioelshinta;milarianbagja,plumbinq;
1318884991963664400;radioelshinta;ichaelza;
1318870357445550000;radioelshinta;;
1318860781610414000;radioelshinta;achmad_marendes;
1318851514237030400;radioelshinta;Surosobe;
1318707320440881200;radioelshinta;;jokoselong
1318623318002462700;radioelshinta;77bayoe,VieAuliarizky01;77bayoe
1318573362172489700;radioelshinta;zakahats;
1318556486688178200;radioelshinta;DominicaWahyu,OngNablee25,riksayuda,EsterMalonda,AnakBabeGw,wahyu_suyudi,AlbertSolo2,olfan_nanang;AnakBabeGw,AlbertSolo2,alyhakimhs
1318553399688822800;radioelshinta;mells22152079,Yanuar133,EsterMalonda,nafikulla,miyeonsshii,AnakBabeGw;AnakBabeGw
1318548615753859000;radioelshinta;alas_kurusetra,AnakBabeGw,GarutYudi,leekiaanpinn;AnakBabeGw
1318528436051214300;radioelshinta;AnakBabeGw,DonalMax2;RECOVERADIO,AnakBabeGw
1318518576718950400;radioelshinta;HPaytrenleader,AnakBabeGw,DonalMax2,KDijoyo;AnakBabeGw
1318515754296201200;radioelshinta;ptrmdw,AnakBabeGw,DonalMax2;AnakBabeGw
1318497408108564500;radioelshinta;lukmanalwahid,Prihant15477293,suryaamriza;EddySutisna7
1318414661629350000;radioelshinta;IkfalM,evereeze,rockstarhyujk,sabuncurahblinq,akhmad_barkah;evereeze,Rbesar___
1318368877227593700;radioelshinta;Dolley_Agri,mery_wawu;Dolley_Agri
1318237713468829700;radioelshinta;alambaskoroke4,ysupariono,margo_siswadi;
1318224040029347800;radioelshinta;;
1318201487416230000;radioelshinta;percayaNgl;PraptoPinardi2
1318151155617325000;radioelshinta;;PraptoPinardi2
1318146540586766300;radioelshinta;purnomo92979108;AshaaMW
1318124293901840400;radioelshinta;revipahlevi,rudyth;sutrisnoam
1318118710050136000;radioelshinta;queendipa,overnightcinema;overnightcinema
1318117275564601300;radioelshinta;datuke,miyeonsshii,AnakBabeGw,Surosobe,aini_nunk;AnakBabeGw,intanalyze
1318081515847233500;radioelshinta;;
1318081426173014000;radioelshinta;L_vant,satiapratiwi,rafizakaria4,bagaas_hermawan;satiapratiwi,BagusRTNews,bagaas_hermawan
1318071522091626500;radioelshinta;;
1318071423412285400;radioelshinta;FajarThama;intanalyze
1318045826267033600;radioelshinta;FajarThama;FajarThama
1318040426335654000;radioelshinta;AnakBabeGw;AnakBabeGw
1317834865547518000;radioelshinta;johan_woda,Ellyza_Girls,unedo18;militanvespa
1317758396607520800;radioelshinta;_24081984_,kataPZW,AEPishere,C4ngkirKopi;C4ngkirKopi,_24081984_,Herrreza,arryprof,aulia2199,AEPishere,60far60pay
1317335939945881600;radioelshinta;;
1317314036598407200;radioelshinta;HRozanie;
1317310245153034200;radioelshinta;mama_yurin,duuyuuloopmii,AkhiraMF,JubirPresidenRI,yuliantiriau,Akang_QeCe,Ata84951360;ratuverawati76,ElshintaTegal_,Reisa_BA
1317237216179933200;radioelshinta;;
1317132883165732900;radioelshinta;nakamuradja,aphink_s;
1317118701569597400;radioelshinta;;
1317081773105311700;radioelshinta;Rezaazharp24;
1317079953419088000;radioelshinta;;22_ronytamala,JSuanggi
1316967355436576800;radioelshinta;;
1316716882389467100;radioelshinta;ichaelza;JajangRidwanK
1316679070034268200;radioelshinta;illyas11bugis,riyoajah;nikitadarius101
1316611007368712200;radioelshinta;Christina_Cis,TombolSi,riyoajah;nonikdona,SusiloTriagung,Christina_Cis,TombolSi
1316609110436012000;radioelshinta;biofarmaID,Marjukiriskygm1,kurniasariutami,TombolSi,asmamaw20;biofarmaID
1316265811934212000;radioelshinta;Parjono27746691,DenyHalemun;
1316246366180450300;radioelshinta;Bagusibnu_;
1315987728463351800;radioelshinta;AliyudinRahman,koecrit2015,Info_dari_Anda,WellToto,Amin19401335,YoyokSubandriy3,brillianti;anjarVratama,RECOVERADIO,YoyokSubandriy3,vonnycornellya_
1315948076071227400;radioelshinta;haninhilbram,RadenKianSayang;haninhilbram
1315886231444615200;radioelshinta;FarhanF83325726,AchmadWiria;FarhanF83325726
1315849777888649200;radioelshinta;winnyaisyahaa,khm_izwancoiy;ikke_yumari
1315697793512599600;radioelshinta;Ismu2872,bindunada,Grazie_raga,NKurianto,Markusli3;
1315675844753289200;radioelshinta;kandardini,alambaskoroke4,Marjukiriskygm1,setyobasuki16,novy_fitriyanti,AliminRusdi,f_sisca_f,iankabeh,NogoSosroAsli,weddie_s,HenryJ4ck,IkfalM,evereeze,patrickharimo;Primaditaaaa,iankabeh,Suredead,WargaJurnal,weddie_s,NogoSosroAsli,HenryJ4ck,evereeze
1315649754240413700;radioelshinta;Pipit35276355,l3na_l3na,Mgyie3,Rogerfed1975,Tommy93507168;rheeco1402,Tommy93507168
1315643104708288500;radioelshinta;EliahuNavia,NengsehSetiyan1,Pipit35276355,AnakBabeGw,Iskanda20554456,riyoajah,okyirjayantoe,SuryandaPraset1,NKurianto;SusiloTriagung,AnakBabeGw,Cellopngmn,EliahuNavia
1315631814933835800;radioelshinta;AlyChafizdin,SuryandaPraset1,Pipit35276355,FajarThama;FajarThama
1315629878427840500;radioelshinta;AliyudinRahman,l3na_l3na,FajarThama,stamhouder,Ning_Aguswati;FajarThama
1315624841303584800;radioelshinta;tifazafi,yunhariadi;GuineeTags,DediiAjii,rheeco1402
1315568223543193600;radioelshinta;AliyudinRahman;
1315537190181429200;radioelshinta;;
1315234451169800200;radioelshinta;RonaldSiagian9,ArifRFauzi;RonaldSiagian9,ArifRFauzi
1315226974390894600;radioelshinta;KangAce3BAD,ar_alexramandey,bindunada,Markusli3,Herman138,revobiru;RECOVERADIO,BagusRTNews,revobiru
1314514826584944600;radioelshinta;;
1314514796885078000;radioelshinta;euis_liayulipah;
1314514767248203800;radioelshinta;locke_nloll;ElshintaTegal_
1313987128469057500;radioelshinta;FarhanF83325726,gregprabowo,antosumarno89;FarhanF83325726
1313822678885621800;radioelshinta;;
1313787460426494000;radioelshinta;FarhanF83325726,Aguih1213,bindunada;FarhanF83325726
1313448201190609000;radioelshinta;JanuariHilman;
1312365439863775200;radioelshinta;;ElshintaTegal_
1312042874842701800;radioelshinta;Hendri_apriandi,AdeIrma72666024;
1311452886501531600;radioelshinta;UAnagoga,Indrayann_,johan68597806,imankurniaw082,jumadisakir,FSoemardo,locke_nloll,anishartanto,liliana16363,milarianbagja,reza_pratama26;Rey28649173
1311452720629334000;radioelshinta;UAnagoga,x_catra,Asyaifullah_INA,dian_tea,botunalutuna,Muslax,anishartanto,liliana16363,samuel_atika,wikuwrahatnala,ArsenalGrsLucu,jumadisakir,IndonesiaR4Y4,na2ngabdul,milarianbagja,gonkcil,BtWiwiek,RobertPaskal,FSoemardo;bknunyl,Rey28649173,daha_r,BiLLYKHAERUDIN,IndonesiaR4Y4,faridariadno,senysurani,intanalyze
1311243387807228000;radioelshinta;;
1310662693053890600;radioelshinta;name_single,dautys;
1310601608607142000;radioelshinta;FajarThama;PratamaKarsa,FajarThama
1310577470655983600;radioelshinta;;
1309758747535749000;radioelshinta;armanke13;
1309155811114049500;radioelshinta;stindra_s,Reskiyu68030059,EsterMalonda,Mujirahadi2,AnakBabeGw,armanke13;AnakBabeGw,EsterMalonda
1309143791719252000;radioelshinta;AliMachyani1,permakmasmin81,ng_lily74,AnthosAurora,Mujirahadi2,SakreYau,shadowfaxstar;
1307755656913408000;radioelshinta;bete_dimas,rudyth,Paulbae18064104,Joshua_Alor;
1307624915583946800;radioelshinta;;
1307603928356331500;radioelshinta;namri13,rosvalino,ds_binjaidesign,rizalkangitu,CikwanT,Iskandar9214,Darmeko2,Dendrajat99,dr_mayangindah,firmanmaliki3,YusufNusantara1,AliSadi18170920,cipto_hp,uwieajah1,ProkopimMabar;sjamsulmartina,firmanmaliki3,Dendrajat99,YusufNusantara1,bagaas_hermawan,ysofyan,ProkopimMabar
1307399065525657600;radioelshinta;tartiago,RKresnadian,MufetAris,lukmanalwahid;ElshintaTegal_
1306961457511243800;radioelshinta;Priska85640038,By_Maharr;ElshintaTegal_
1306209051609424000;radioelshinta;SemBaray;
1306208985867890700;radioelshinta;;
1306208527820628000;radioelshinta;;
1305843367310315500;radioelshinta;Chef212Moeslim,Bananaanf120319;
1305775071848403000;radioelshinta;mustofa2017,Nescan82;aryopramudito2
1305659946629963800;radioelshinta;annasantoz318,novisimar76,Virgoline091099,Awanfaeyza,KahangaAnselmus,l3na_l3na,supardjo_parjo,Toshi061186;supardjo_parjo,Toshi061186,annasantoz318,munfarikhaaas
1305517264775516200;radioelshinta;edisulis,acip_jelek,r0nggo05,purwadigomb_sel,D3du,tingtingdodo1,sWahyud38758354,mikedianasasi;
1304177746118025200;radioelshinta;;
1304177663997743000;radioelshinta;nifirakujnang89,DewaFreza,AnakBabeGw;AnakBabeGw
1304173455110074400;radioelshinta;SutanMantari2,AnakBabeGw;AnakBabeGw
1303869034878742500;radioelshinta;;AndyJuliyanto22
1303857809511964700;radioelshinta;Henry_L380Y,aguseko72;aguseko72
1303857653584593000;radioelshinta;;ElshintaTegal_
1303814413963591700;radioelshinta;SutanMantari2,NurIda9,FajarThama;FajarThama
1303772662066483200;radioelshinta;zacky_gh;
1303644580873601000;radioelshinta;suhermanmd,alambaskoroke4,penguinboy829,Mujirahadi2,AndyJuliyanto22;AndyJuliyanto22
1303639840974540800;radioelshinta;akhmad_barkah,affendi90072188;
1303639245123272700;radioelshinta;evereeze;evereeze
1303618510258495500;radioelshinta;biu_nita;
1303617870547484700;radioelshinta;tiaratimoer,alambaskoroke4,Stargazer_32,riksayuda,SuryoWijoyo5,aulia_yonantha,bangadih,rdhonis,apandi94,YeniMarianiL1,affendi90072188,bindunada,evereeze,biu_nita,aturart,rudyth;ElshintaTegal_,alambaskoroke4,evereeze
1303568169081041000;radioelshinta;CaptSam_;caramelsKYU,Joniswn2000
1303567552740696000;radioelshinta;NdrahaYani;
1303567383735357400;radioelshinta;NdrahaYani,sutrisnoam,dianto_rusdian,MakaroniPonkel;caramelsKYU,dianto_rusdian
1303421598796406800;radioelshinta;;
1303153096525148200;radioelshinta;alambaskoroke4,dianto_rusdian;alambaskoroke4,dianto_rusdian
1302577052244033500;radioelshinta;KapitanDanar;ElshintaTegal_,KapitanDanar
1302214157735878700;radioelshinta;Iyo_mataram,kandardini,sugihsyah,koen2907,Fahmi94451386,Pull_Mo,febrianfarid;Pull_Mo,BeritaSUKOHARJO,ElshintaTegal_
1302126807085277200;radioelshinta;nuelhutahaean;
1302035716831088600;radioelshinta;edyfriadi4;fajarabaskris,stefstefdr
1301983554738348000;radioelshinta;mystripeisblue,Effendi51202937;
1301927126807969800;radioelshinta;;
1301927094436335600;radioelshinta;;
1301927061271920600;radioelshinta;wbxhwdlj,AnakBabeGw,shintaeffendi;_shab_7,AnakBabeGw
1301848841423958000;radioelshinta;sabar_setiabudi;LaksmiWidajanti,ElshintaTegal_
1301812637408190500;radioelshinta;Adjiepurboyo2,YoyokSubandriy3,justiciabelen;YoyokSubandriy3
1301636083579605000;radioelshinta;Erwinadisaput14,anishartanto;
1301616632347766800;radioelshinta;Wagiyo07530914;masinusina
1301616598856298500;radioelshinta;;
1301616546599465000;radioelshinta;97_fatar,asanenny87,denisanrgsti,Anchoz,promosionlines,RadheaR;noors58,pranatari,pipitsu,estyoktaa,promosionlines
1301587010415554600;radioelshinta;ZezenDewa,Suparma28557537,marselinarosali,guntursubagja,elmira_alkha,Anchoz,BambangMaloko,sWahyud38758354,dubie_tina,CliffordFretes,ardiyantosecang,BrowSniperBack;guntursubagja,BrowSniperBack,Ln1885,hadhmeant,dubie_tina
1301549771518165000;radioelshinta;;
1301549665284890600;radioelshinta;;
1301549489317011500;radioelshinta;dida_arkadia,teprasoekarno,fauzanmrabbani,Noval_az,syakurbhs,suluhpandu;ip12as
1301531854785273900;radioelshinta;TomsantoDr;
1301453774704189400;radioelshinta;;Muslich_Leva
1301087540745654300;radioelshinta;wanweimemori,APurwanda;
1301064651099136000;radioelshinta;gilang46633476;gilang46633476
1300782145007358000;radioelshinta;;_shab_7
1300771069595324400;radioelshinta;sutopokk;sutopokk
1300741604840333300;radioelshinta;Darmeko2,Brigade01Arwan1,sapri77656649,jjsengui,Restu66441205;dwyt_farm,RotiSrikaya99,Brigade01Arwan1,jjsengui,h4850ro,Restu66441205
1300693314300067800;radioelshinta;DenyHalemun;
1300405327733678000;radioelshinta;sutrisnoam;Dedet_arch,muafaIlham_
1300211698003972000;radioelshinta;HumasBKIPM,edyfriadi4,benjamalz,MarineCulture,harjonoabi,l3na_l3na,apandi94,Brigade01Arwan1,KlemensiusB,ardiyantosecang;xxtw995,Brigade01Arwan1,ElshintaTegal_
1300152478151762000;radioelshinta;YayatSu542026;
1300127010035961900;radioelshinta;;Cellopngmn
1300122359379230700;radioelshinta;pratama_w_a,ichaelza;Cellopngmn,SRmeita
1300079628371898400;radioelshinta;Gulp02631827,heryprasty,MozadAis,viezme,Tedja71724312;lolitanevercome,munfarikhaaas,MozadAis
1300079507764686800;radioelshinta;ngADI_min,alambaskoroke4,imambaskr,nadyaalfi,sudiro70,Arpurwanto1,rosyqlql,heryprasty,sabar_setiabudi,MozadAis,pratama_w_a,sunarto2009,syarifah_ayu29,lintangrowe,rezajanuarDS1;momoichan,lolitanevercome,rosyqlql,MozadAis,nasticimahiskr,rully_suherman,munfarikhaaas
1300042569221464000;radioelshinta;SatpolairTng,iwandermawan63;
1299998216797040600;radioelshinta;Robertteguh168;
1299888444328390700;radioelshinta;xlakxluc,suseno212,Tedja71724312;ElshintaDotcom,Info_dari_Anda,biaskrisna,ElshintaTegal_,RECOVERADIO,twitNsave
1299826111044399000;radioelshinta;;
1299436066068340700;radioelshinta;NoSurprisesRH,masrei444,goonersehat,DanteSpeak_USA;
1299258500401356800;radioelshinta;Kribbo3;ElshintaTegal_
1299218428213866500;radioelshinta;Aditio67318080;ElshintaDotcom
1299170624749711400;radioelshinta;abokenward2,cay612,Cellopngmn,AnthonySilaban,Imeymarboah;Mursyidhasnawi,cay612,Cellopngmn,intanalyze
1299101275888312300;radioelshinta;NanikR_Cece,francismadurang,Katno98Pospera,bindunada,DewaFreza,ntrahman2013;ntrahman2013
1299092379660558300;radioelshinta;alambaskoroke4,Nkaryadi,FajarThama;FajarThama
1299027103141097500;radioelshinta;alambaskoroke4,AmstrongBiring,msyafii02905921,asanenny87,DidditM,baits_yanuar,adicunkring,mbahbono8,SatriaAndryP;AmstrongBiring,Cellopngmn
1298975603580792800;radioelshinta;SuryaMantul,marselinarosali,IndriGambung,ambargedon,semongkoo23_,mbahbono8,SatriaAndryP,AkhyaruddinM;annasantoz318
1298960604720291800;radioelshinta;terrorosespica;akunsudi,hamzahsyahputra,agsetoap
1298951419035185200;radioelshinta;TOLATOLE,nadiaamal12;im_adriannoo,miyeonsshii
1298839027508842500;radioelshinta;aulia_yonantha,Hendri_apriandi;
1298707680647737300;radioelshinta;FajarThama;FajarThama
1298681622401884200;radioelshinta;Ty9aCCQjCIZJ5hc;
1298657708447432700;radioelshinta;FajarThama;FajarThama
1298617125938987000;radioelshinta;;
1298564605472411600;radioelshinta;;
1298524673169166300;radioelshinta;;
1298453035216072700;radioelshinta;;Muslich_Leva
1298444285914706000;radioelshinta;ElshintaLampung,Indriafitri4;ElshintaLampung
1298425010785198000;radioelshinta;;
1298167944162111500;radioelshinta;;
1298092674445009000;radioelshinta;FitRadioBandung,ichaelza,sevensubculture,FarahNathan24,aulia_yonantha,Haryoristamaji,nanan_setiani,Thekinslay,Hafid99519929,callmepehun,mbahbono8;ElshintaTegal_
1298070075455357000;radioelshinta;;ElshintaTegal_
1297861023269941200;radioelshinta;agungbudisant13;ElshintaTegal_
1297815028976857000;radioelshinta;;
1297806496990814200;radioelshinta;;ElshintaDotcom,ElshintaTegal_
1297806165158457300;radioelshinta;GGahung;ElshintaDotcom
1297805600307331000;radioelshinta;;
1297805017139695600;radioelshinta;;
1297804281681043500;radioelshinta;;
1297792821215129600;radioelshinta;tuti_els,rudyth,SatriaAndryP,bakoelrotimanis;ElshintaTegal_
1297424970117607400;radioelshinta;kandardini,andreadiwijaya;
1297424027573612500;radioelshinta;kandardini,Tommy93507168;AshaaMW,Tommy93507168
1297423877006491600;radioelshinta;Katno98Pospera,kandardini,Tommy93507168,SilviaGraviolen;ivanasilo1,AndyJuliyanto22,AshaaMW,ElshintaTegal_,Tommy93507168
1297081987270717400;radioelshinta;;
1297079811181916200;radioelshinta;ErniGeg;AndyJuliyanto22
1296975239268593700;radioelshinta;;
1296897538599968800;radioelshinta;Wienaula;ElshintaTegal_
1296618659180241000;radioelshinta;alambaskoroke4,mynicknamesha,vincent_oca;
1296471792614289400;radioelshinta;anjjaz_,TopToross,denmhyta;TopToross
1296405133304246300;radioelshinta;alambaskoroke4,OkkySurya3;
1296263024643149800;radioelshinta;;
1296107193784098800;radioelshinta;;
1296032605867925500;radioelshinta;;
1295794863615557600;radioelshinta;djaka99327020;PAKAIMASKERNYA
1295714849478054000;radioelshinta;novitawijaya17,nekozukiyaro;liranti
1294881326210748400;radioelshinta;alambaskoroke4;
1294742881001906200;radioelshinta;rainy_rainyta08,mieerra2015,dhs_67,FajarTerra,MasyhudinF,haryonokhathe81,Ydaryat,FajarThama,name_single;rainy_rainyta08,FajarThama,ElshintaTegal_
1294661529489436700;radioelshinta;tomysulistiyo,marselinarosali,Febrianaanggit1,ErwinChaniago10,Mita_mitcla,EZRNTNL,samoederaharapa,rosvalino,nya2ng,Adelio44089712,Bintang49339265,Iyo_mataram,iqbalkanzo_,FajarThama,AndyJuliyanto22,IningNashin,velma_aziza,OpRadioBnpb,el_eldksl,mona_mgy,tweetot,Mujirahadi2,HerdianaKiehl;OpRadioBnpb,Mita_mitcla,Bintang49339265,AndyJuliyanto22,ElshintaTegal_,FajarThama,ddeewwie
1294608312399360000;radioelshinta;;
1294597257178656800;radioelshinta;MALathief,aie_juju,wasiman45,nonengok,taufikfathur;tinbos
1294562400675328000;radioelshinta;qiangcoe,mbahbono8,LeilaLylie;
1294539377368998000;radioelshinta;bung_piere,NKRI811010,MozadAis,Ahmadso31712004,Budis1212,SuryandaPraset1,Ep1406Gp;RafenskaUloli,nurauliaip,ElshintaTegal_,PAKAIMASKERNYA,aikido_bushido
1294510293209424000;radioelshinta;toosiemycat,RMondrokumoro,Lasmini91529512,theri_wijaksono;
1294475742714056700;radioelshinta;abokenward2,djody2010,toetihs,yuriekuo;
1294177585111240700;radioelshinta;;
1294079184428347400;radioelshinta;nailaarkadewi,uikinahani,Tiga_Prayitno,poer705,artbyunmyeon,hanarere1,DewiHar99998048,Dadu24439009,baddai_ray,djoeseetheworld,kyanom,riethaita,milarianbagja,fanny_juda;sofeff,akunsudi,KikiNmaKecilku,Syamsud41732201,uikinahani,noni__aja,Dadu24439009,nirwan_anestesi,Barokahaamiin,bapaeta
1293720969257787400;radioelshinta;firmandamopoli,meidiawaty_emma,DewiHar99998048,Sukarnosoh,KiDolang,sutrisnoam,KPerkosa,fadli_tamam,iwanalidarmawan,PutriTerbaik_;firmandamopoli,KiDolang,ElshintaTegal_,Riz_Rizuka
1293705100121108500;radioelshinta;l3na_l3na;BrowSniperBack
1293645719568441300;radioelshinta;tuti_els,DewaFreza,alichoirudin1,FajarThama;FajarThama,baby_alien28,ElshintaTegal_
1293597016161833000;radioelshinta;ifanzfanz44,Dhede34965459,Hafil7291,prashastiwp;Hafil7291
1293473500129239000;radioelshinta;masndar,jimmy_168,suchiQoe,bindunada,Safina96892327;kartikaDeee,ElshintaTegal_
1293469681949450200;radioelshinta;alvinara1234,SitaRa97707873,FionaSusanty,jimmy_168,DunianisSyariah;rizalkangitu,ElshintaTegal_
1293318906845646800;radioelshinta;21Stnrfzh,AmmuniFrengki;
1293300280226766800;radioelshinta;FajarThama;FajarThama
1293284943473152000;radioelshinta;;ElshintaTegal_
1293262348363247600;radioelshinta;;
1293249551759892500;radioelshinta;margo_siswadi,FajarThama;ElshintaTegal_,FajarThama
1293242891913932800;radioelshinta;;ElshintaTegal_
1293236409831051300;radioelshinta;margo_siswadi;ElshintaTegal_
1293226662188822500;radioelshinta;CarterMangar,junjunggultom,CindyFattika;rizal_alfarouqy
1293219530257252400;radioelshinta;FajarThama,margo_siswadi;FajarThama,ElshintaTegal_
1293196724647760000;radioelshinta;Sefta08591037,vansyahvan,DedeATR;
1293177439347122200;radioelshinta;Aa_Goens,MochSla96683567;
1293063970270539800;radioelshinta;rhien_wang,juandw28;ariblackcrow,ElshintaTegal_
1293053823456403500;radioelshinta;kongmin299,ibnuharir,KarimAyim,bindunada,Rusdi4701;ElshintaTegal_
1293002379583877000;radioelshinta;chelseanancynan,erwinnatosmal,angsariraharjo,apandi94,sWahyud38758354,TomiAriyanto13,asetianegara,toga76,bc6c81209e3e469,alfranls,nftrian,AyuWeko,Gacoor000;DonaKenn,agungsolusi25,padaput
1293002202542272500;radioelshinta;;arisaijaz
1293001925810520000;radioelshinta;emaumizama,aris_ishak,alfranls,putriteratai25;
1293001808818786300;radioelshinta;alfranls;radenorman,arisaijaz,ElshintaTegal_
1292961166319210500;radioelshinta;masrudii,putriania_,NiniPermatasari,Iyo_mataram,nadyaalfi,badonci,agungmyID,Marulia4,HendraK79195780,ddimas278,mEiZARo,FajaraDesi,billysmbring366,imbiMentari;badonci,dadanhamdani8,BerjalanA,mEiZARo,ranziz_,billysmbring366
1292892041165205500;radioelshinta;aphink_s,Vanny_kusuma,Anchoz,HendraK79195780,broadcasterOASA,FajarThama,AimanJudakusum1,temennyausagi,joeprinho,saipul_ajha71;AimanJudakusum1,windadwiandari,FajarThama
1292713770691616800;radioelshinta;007Ijal;
1292710127452090400;radioelshinta;alambaskoroke4;
1292343162082492400;radioelshinta;;
1292020748203077600;radioelshinta;Irtosomonasky,Rogerfed1975;
1291818475879506000;radioelshinta;DoelGrumyang,alambaskoroke4,jimmy_168;
1291682333536338000;radioelshinta;diterusin,Mujirahadi2;
1291678668234743800;radioelshinta;biofarmaID,mitatea,aLeGiggsy,AbdulHa62446327;ElshintaTegal_
1291658825804599300;radioelshinta;;
1291595906668572700;radioelshinta;RaydoDeagustama,hamidah_hidayat,mtaufikmJKT48;
1291589957761417200;radioelshinta;dodiam,biofarmaID,MRifkiannas;
1291534816739909600;radioelshinta;Haryoristamaji,biofarmaID,kurniasariutami,abituhfah;biofarmaID
1291488599020408800;radioelshinta;jajamiraja,biofarmaID,FajarThama;badonci,FajarThama
1291448960733851600;radioelshinta;alambaskoroke4,Stevebiomedika;
1291374261148381200;radioelshinta;;
1291133032099991600;radioelshinta;AbdulKadirDali3;
1290976322294972400;radioelshinta;AndyJuliyanto22,l3na_l3na;
1290869676596056000;radioelshinta;l3na_l3na;elshinta_smg
1290779547101692000;radioelshinta;DiumahM;
1290673597451649000;radioelshinta;marselinarosali;
1290660982474276900;radioelshinta;iwan_zamorano1,sutrisnoam,AndyJuliyanto22,l3na_l3na;
1290616301077987300;radioelshinta;tomysulistiyo,alambaskoroke4,muldest25,jumadisakir,kpu_jabarprov,AHarmuzi,shechiel;kpu_jabarprov,AHarmuzi
1290606760558858200;radioelshinta;nazzaha,alambaskoroke4,bestianarvizer,fandesetiawan,deugelalziri,erzamaulanaz,syahrulalbukho1,hamkagum,SuksesAndi,Kenzioalgipani,_Slametkuncoro,adnandhasyim,slow_zeze;bobyidol,ElshintaTegal_
1290539662440710100;radioelshinta;;
1290521839525978000;radioelshinta;areya_lucky,Khasana89750565;
1290479758581436400;radioelshinta;;
1290460573042450400;radioelshinta;;
1290454974875545600;radioelshinta;;
1289898543159763000;radioelshinta;alambaskoroke4,overnightcinema,solahudinjibril;overnightcinema,AndyJuliyanto22
1289827072655802400;radioelshinta;marselinarosali;
1289561582846976000;radioelshinta;;
1289560895446687700;radioelshinta;AndyJuliyanto22;
1289560098260410400;radioelshinta;Lukmanharijant4;Lukmanharijant4,AndyJuliyanto22
1289559769976467500;radioelshinta;rosyqlql;xxtw995,AndyJuliyanto22
